id,data_fim,data_cadastro,data_alteracao,pop_id,cliente_id,status_id,status,central_acesso
34,,2020-03-20 13:24:58.083240+00:00,2021-05-26 14:05:11.194977+00:00,2,66,946,3,True
50,,2020-03-20 14:46:30.475292+00:00,2021-05-26 14:05:10.987515+00:00,2,26,708,3,True
4,,2020-02-18 13:38:52.316207+00:00,2021-05-26 14:05:11.600569+00:00,1,6,709,3,True
17,,2020-03-03 13:16:37.912319+00:00,2021-06-23 12:38:55.687495+00:00,1,76,795,1,True
126,,2020-05-25 11:52:37.941674+00:00,2021-07-06 18:50:49.949755+00:00,1,141,813,1,True
770,,2022-07-27 18:07:07.927188+00:00,2023-08-02 13:23:17.252419+00:00,1,771,17631,3,True
152,,2020-06-03 18:42:37.627653+00:00,2021-05-26 14:05:09.655236+00:00,2,165,848,3,True
172,,2020-06-30 02:29:20.941072+00:00,2021-05-26 14:05:09.405340+00:00,1,184,863,1,True
40,,2020-03-20 13:46:58.041028+00:00,2021-05-26 14:05:11.117262+00:00,2,19,903,3,True
72,,2020-03-20 17:27:27.271926+00:00,2021-05-26 14:05:10.723529+00:00,2,57,910,3,True
37,,2020-03-20 13:38:33.844505+00:00,2021-05-26 14:05:11.156965+00:00,2,29,911,3,True
35,,2020-03-20 13:30:31.672436+00:00,2021-05-26 14:05:11.182448+00:00,2,61,912,3,True
52,,2020-03-20 14:49:41.289790+00:00,2021-05-26 14:05:10.962936+00:00,2,12,913,3,True
64,,2020-03-20 17:02:41.235828+00:00,2021-05-26 14:05:10.823904+00:00,2,25,950,3,True
142,,2020-05-28 20:01:33.414401+00:00,2021-05-26 14:05:09.792613+00:00,1,154,1224,3,True
113,,2020-05-19 17:32:30.769230+00:00,2021-05-26 14:05:10.162378+00:00,1,130,1225,3,True
207,,2020-08-08 20:17:23.381288+00:00,2022-12-08 12:04:32.133973+00:00,4,221,1230,1,True
801,,2022-10-26 23:23:52.416116+00:00,2023-07-20 10:11:11.369170+00:00,3,682,17495,1,True
223,,2020-08-16 21:03:35.822264+00:00,2024-04-14 21:21:16.873789+00:00,4,237,19927,3,True
246,,2020-09-12 12:16:26.223808+00:00,2024-10-21 13:06:55.876732+00:00,1,257,1371,1,True
249,,2020-09-18 12:28:04.528663+00:00,2024-10-10 13:11:20.346653+00:00,1,187,1398,1,True
74,,2020-03-20 19:13:51.379154+00:00,2021-05-26 14:05:10.697884+00:00,2,28,1412,3,True
65,,2020-03-20 17:04:35.402701+00:00,2021-05-26 14:05:10.811054+00:00,2,34,1413,3,True
15,,2020-03-02 18:48:17.153740+00:00,2021-05-26 14:05:11.452263+00:00,1,73,1415,3,True
807,,2022-11-08 17:08:31.141092+00:00,2024-04-14 21:25:30.665697+00:00,1,804,19929,3,True
254,,2020-09-24 17:12:52.138336+00:00,2021-05-26 14:05:08.375112+00:00,1,264,1434,1,True
497,,2021-04-06 12:49:00.655734+00:00,2022-03-11 12:23:47.098196+00:00,1,514,13177,3,True
197,,2020-07-25 12:29:58.096443+00:00,2021-05-26 14:05:09.072530+00:00,1,212,1495,3,True
94,,2020-04-17 12:43:57.060928+00:00,2021-05-26 14:05:10.408043+00:00,1,110,1488,3,True
31,,2020-03-19 13:54:43.305092+00:00,2021-05-26 14:05:11.240046+00:00,1,94,1532,3,True
262,,2020-10-01 17:30:20.754240+00:00,2021-05-26 14:05:08.270362+00:00,1,271,1591,1,True
46,,2020-03-20 14:26:05.507139+00:00,2021-05-26 14:05:11.038596+00:00,2,13,1735,3,True
51,,2020-03-20 14:48:05.868201+00:00,2021-05-26 14:05:10.975791+00:00,2,24,2003,3,True
63,,2020-03-20 17:00:05.960869+00:00,2021-05-26 14:05:10.836271+00:00,2,22,1852,3,True
43,,2020-03-20 14:09:01.946624+00:00,2021-05-26 14:05:11.079498+00:00,2,20,2004,3,True
93,,2020-04-16 20:13:51.644235+00:00,2021-05-26 14:05:10.419862+00:00,1,109,2002,3,True
23,,2020-03-12 20:45:24.433273+00:00,2021-05-26 14:05:11.350273+00:00,1,87,2212,3,True
614,,2021-09-02 11:52:18.032072+00:00,2024-11-22 20:03:27.979112+00:00,1,626,16277,1,False
742,,2022-05-24 14:10:50.529055+00:00,2024-10-21 21:06:52.224099+00:00,1,535,16282,1,True
87,,2020-04-03 10:43:33.259325+00:00,2023-02-22 18:20:17.492565+00:00,1,104,16283,3,True
47,,2020-03-20 14:32:14.708822+00:00,2021-05-26 14:05:11.024330+00:00,2,9,2512,3,True
59,,2020-03-20 16:44:01.323309+00:00,2021-05-26 14:05:10.886010+00:00,2,21,2513,3,True
112,,2020-05-07 21:03:15.976243+00:00,2021-05-26 14:05:10.173977+00:00,2,127,2514,3,True
42,,2020-03-20 14:06:19.123091+00:00,2021-05-26 14:05:11.092919+00:00,2,86,2515,3,True
38,,2020-03-20 13:41:05.210680+00:00,2021-05-26 14:05:11.143584+00:00,2,51,2518,3,True
205,,2020-08-06 17:51:21.589501+00:00,2021-05-26 14:05:08.999151+00:00,2,219,2519,3,True
302,,2020-11-25 14:10:53.009957+00:00,2022-12-08 11:55:10.499618+00:00,4,311,2617,1,True
307,,2020-11-26 15:24:15.729087+00:00,2022-12-07 22:03:52.763044+00:00,4,316,2720,1,True
311,,2020-11-30 18:18:21.440889+00:00,2022-12-08 12:09:21.347321+00:00,4,320,2892,1,True
344,,2020-12-16 18:50:11.995878+00:00,2023-11-06 19:35:36.964745+00:00,1,369,3326,1,True
297,,2020-11-19 17:40:58.551860+00:00,2024-04-14 21:43:58.151895+00:00,1,306,19932,3,True
379,,2020-12-23 13:37:59.612914+00:00,2022-12-16 21:30:50.367835+00:00,5,398,3402,1,True
362,,2020-12-22 12:07:37.717023+00:00,2021-05-26 14:05:06.963595+00:00,5,383,3579,1,True
391,,2020-12-29 13:19:10.304638+00:00,2021-05-26 14:05:06.460791+00:00,5,410,3527,1,True
388,,2020-12-29 12:41:51.080006+00:00,2021-05-26 14:05:06.511964+00:00,5,407,3533,1,True
376,,2020-12-23 12:41:23.526248+00:00,2022-12-30 23:16:10.684258+00:00,5,395,3551,1,True
953,,2024-02-22 12:44:26.908383+00:00,2024-04-19 16:23:22.606896+00:00,9,943,20045,3,True
355,,2020-12-21 20:57:28.762968+00:00,2021-05-26 14:05:07.058253+00:00,5,378,3589,1,True
353,,2020-12-21 19:42:12.734817+00:00,2021-05-26 14:05:07.095314+00:00,5,376,3593,1,True
351,,2020-12-21 19:21:12.179377+00:00,2021-05-26 14:05:07.129383+00:00,5,374,3597,1,True
369,,2020-12-22 15:04:00.402221+00:00,2021-05-26 14:05:06.831857+00:00,5,345,3616,3,True
149,,2020-06-03 14:13:02.475955+00:00,2021-05-26 14:05:09.692019+00:00,1,162,4230,3,True
206,,2020-08-07 12:19:41.130875+00:00,2021-05-26 14:05:08.978098+00:00,2,220,4299,3,True
182,,2020-07-10 19:01:17.071904+00:00,2021-05-26 14:05:09.276050+00:00,2,85,4301,3,True
237,,2020-09-04 19:36:25.720911+00:00,2021-05-26 14:05:08.593438+00:00,3,248,4302,3,True
36,,2020-03-20 13:33:46.253660+00:00,2021-05-26 14:05:11.169597+00:00,2,58,4306,3,True
44,,2020-03-20 14:18:49.670519+00:00,2021-05-26 14:05:11.065715+00:00,2,62,4307,3,True
406,,2021-01-04 13:32:31.986939+00:00,2021-05-26 14:05:06.266979+00:00,5,421,4422,3,True
225,,2020-08-19 15:37:34.730580+00:00,2021-05-26 14:05:08.715078+00:00,5,239,4563,3,True
226,,2020-08-19 15:40:30.080175+00:00,2021-05-26 14:05:08.704564+00:00,5,209,4566,3,True
116,,2020-05-19 20:02:49.181811+00:00,2021-05-26 14:05:10.127550+00:00,1,131,4569,3,True
188,,2020-07-17 12:47:31.490374+00:00,2021-05-26 14:05:09.186604+00:00,1,202,4571,3,True
306,,2020-11-26 12:34:22.348848+00:00,2023-06-19 13:48:42.382624+00:00,4,315,17261,1,True
264,,2020-10-06 12:19:54.165814+00:00,2023-06-20 12:49:31.564683+00:00,5,273,17266,3,True
286,,2020-10-26 14:05:08.928905+00:00,2021-05-26 14:05:07.984286+00:00,1,294,4726,3,True
49,,2020-03-20 14:45:00.940087+00:00,2021-05-26 14:05:10.999930+00:00,2,35,4827,3,True
78,,2020-03-20 19:23:58.360908+00:00,2021-05-26 14:05:10.628967+00:00,2,69,4831,3,True
442,,2021-02-11 13:17:29.225454+00:00,2024-07-20 13:58:01.286180+00:00,1,462,4839,1,True
288,,2020-11-04 12:10:40.695311+00:00,2021-05-26 14:05:07.960512+00:00,1,296,4916,3,True
150,,2020-06-03 14:24:57.154106+00:00,2021-05-26 14:05:09.679710+00:00,1,163,4988,3,True
891,,2023-07-05 19:40:06.591511+00:00,2023-07-21 14:31:45.456881+00:00,3,882,17509,1,True
377,,2020-12-23 13:02:23.484065+00:00,2021-11-22 19:31:02.228242+00:00,5,396,5132,1,True
168,,2020-06-26 15:04:01.608875+00:00,2021-05-26 14:05:09.458222+00:00,5,181,5184,3,True
169,,2020-06-26 15:10:04.024817+00:00,2021-05-26 14:05:09.438299+00:00,5,182,5269,3,True
75,,2020-03-20 19:16:54.407165+00:00,2021-05-26 14:05:10.681112+00:00,2,68,5461,3,True
321,,2020-12-04 18:59:56.597274+00:00,2021-05-26 14:05:07.561728+00:00,1,333,5584,3,True
422,,2021-01-25 12:57:46.742178+00:00,2022-07-13 15:49:57.328766+00:00,5,437,5636,1,True
151,,2020-06-03 15:33:16.334492+00:00,2021-05-26 14:05:09.667393+00:00,1,164,5647,3,True
164,,2020-06-15 15:01:41.848298+00:00,2021-05-26 14:05:09.498176+00:00,1,443,5668,3,True
298,,2020-11-19 19:07:38.036373+00:00,2021-05-26 14:05:07.837465+00:00,1,305,5696,3,True
305,,2020-11-26 11:37:39.752494+00:00,2021-05-26 14:05:07.741240+00:00,1,314,5699,3,True
312,,2020-12-01 12:34:47.585419+00:00,2021-05-26 14:05:07.637478+00:00,1,321,5700,3,True
669,,2021-12-10 14:30:05.695363+00:00,2024-04-14 23:55:30.279202+00:00,3,577,19936,3,True
29,,2020-03-18 18:18:32.081503+00:00,2024-10-18 17:50:46.035564+00:00,1,92,5754,1,True
426,,2021-01-28 19:36:57.675191+00:00,2021-05-26 14:05:05.909265+00:00,1,443,5831,3,True
415,,2021-01-18 20:21:06.179641+00:00,2021-05-26 14:05:06.089143+00:00,1,430,6033,3,True
129,,2020-05-25 18:18:08.237300+00:00,2021-05-26 14:05:09.962951+00:00,1,143,6061,3,True
278,,2020-10-16 13:19:15.790636+00:00,2021-05-26 14:05:08.092680+00:00,6,286,6062,3,True
203,,2020-08-05 14:43:15.487896+00:00,2021-05-26 14:05:09.024725+00:00,1,217,6065,3,True
269,,2020-10-09 10:08:22.272022+00:00,2021-05-26 14:05:08.196081+00:00,3,307,6066,3,True
20,,2020-03-07 11:53:40.757862+00:00,2021-05-26 14:05:11.385333+00:00,1,78,6067,3,True
224,,2020-08-18 11:55:56.899642+00:00,2021-05-26 14:05:08.727113+00:00,1,238,6068,3,True
503,,2021-04-12 13:23:02.792816+00:00,2022-02-23 12:08:40.292720+00:00,8,520,6130,1,True
488,,2021-03-31 18:21:04.963291+00:00,2022-02-23 12:06:18.218204+00:00,8,505,6138,1,True
490,,2021-03-31 20:44:38.816174+00:00,2022-11-28 11:45:13.148898+00:00,5,507,6155,1,True
127,,2020-05-25 18:14:12.398736+00:00,2021-05-26 14:05:09.985902+00:00,1,144,6158,3,True
211,,2020-08-10 11:50:08.350439+00:00,2023-06-26 12:12:33.999549+00:00,1,88,17321,4,True
97,,2020-04-23 16:42:06.015870+00:00,2021-08-20 20:54:05.269924+00:00,1,114,8950,3,True
315,,2020-12-02 13:33:26.589598+00:00,2021-08-21 13:38:09.485509+00:00,1,324,8952,3,True
513,,2021-04-18 17:34:22.314766+00:00,2021-05-26 14:05:04.290135+00:00,5,530,6266,1,True
245,,2020-09-11 12:36:31.928882+00:00,2021-05-26 14:05:08.490766+00:00,1,256,6297,3,True
421,,2021-01-22 18:59:18.454515+00:00,2021-05-26 14:05:06.004777+00:00,1,436,6301,1,True
903,,2023-08-14 17:51:47.472477+00:00,2023-08-14 17:52:54.798721+00:00,7,891,17697,1,True
535,,2021-05-20 14:43:46.116144+00:00,2024-10-21 21:03:24.552443+00:00,1,535,17339,1,True
778,,2022-09-09 16:24:10.170522+00:00,2023-06-27 11:26:34.853593+00:00,8,535,17342,1,True
125,,2020-05-22 15:28:54.390750+00:00,2021-05-26 14:05:10.008815+00:00,1,139,6643,3,True
909,,2023-09-04 12:49:35.784985+00:00,2024-10-12 17:02:59.822538+00:00,5,899,21530,3,True
1077,,2024-10-13 12:24:11.327162+00:00,2024-10-13 12:24:11.668562+00:00,3,1050,21531,2,True
1014,,2024-09-10 11:04:26.555748+00:00,2024-10-16 13:31:33.073246+00:00,1,996,21591,1,True
523,,2021-04-29 19:39:00.121643+00:00,2021-05-26 14:05:04.003551+00:00,1,161,6672,3,True
25,,2020-03-13 16:24:51.205802+00:00,2021-05-26 14:05:11.318954+00:00,1,79,6690,3,True
423,,2021-01-26 17:32:00.671270+00:00,2021-05-26 14:05:05.969037+00:00,1,438,6831,3,True
119,,2020-05-19 21:19:18.763751+00:00,2021-05-26 14:05:10.089129+00:00,1,134,6912,3,True
83,,2020-03-31 11:15:07.466238+00:00,2021-05-26 14:05:10.568913+00:00,1,100,6915,3,True
340,,2020-12-12 12:00:50.798391+00:00,2024-02-18 23:58:28.886936+00:00,1,365,6989,1,True
837,,2023-02-12 22:15:48.467016+00:00,2023-10-13 19:23:10.427404+00:00,5,833,18179,3,True
153,,2020-06-04 19:10:52.650327+00:00,2021-05-27 11:48:49.533563+00:00,1,166,7205,3,True
848,,2023-03-14 23:18:40.566910+00:00,2023-09-28 13:14:59.549106+00:00,5,843,18087,3,True
487,,2021-03-31 14:00:18.796087+00:00,2023-06-27 22:50:59.339829+00:00,7,491,17351,1,True
432,,2021-02-06 15:37:38.637393+00:00,2023-03-30 13:56:58.903545+00:00,5,448,7169,1,True
498,,2021-04-06 14:40:26.407965+00:00,2023-01-24 00:03:07.136532+00:00,1,515,7189,1,True
915,,2023-09-22 12:32:06.651215+00:00,2023-09-22 12:32:06.723667+00:00,10,905,18025,2,True
528,,2021-05-07 17:59:58.705416+00:00,2023-06-19 12:25:14.012862+00:00,1,540,7334,1,True
541,,2021-05-28 14:25:58.374480+00:00,2024-10-10 12:19:11.249623+00:00,1,550,7338,1,False
8,,2020-02-20 13:16:06.610782+00:00,2023-08-02 17:07:43.638856+00:00,1,53,17635,3,True
887,,2023-06-23 13:08:28.108345+00:00,2023-08-08 11:35:09.914796+00:00,1,879,17662,3,True
459,,2021-02-24 19:10:41.688870+00:00,2021-06-08 13:20:43.949570+00:00,1,477,7578,3,True
11,,2020-02-28 13:03:56.213348+00:00,2021-06-08 14:36:32.694489+00:00,1,72,7580,3,True
107,,2020-04-28 15:34:13.671017+00:00,2021-06-09 12:58:33.843550+00:00,1,231,7604,3,True
280,,2020-10-16 17:25:15.590395+00:00,2021-06-16 14:54:32.832578+00:00,1,297,7694,3,True
162,,2020-06-09 18:54:03.344675+00:00,2021-06-16 19:50:37.565208+00:00,2,175,7700,3,True
195,,2020-07-22 13:02:56.882626+00:00,2021-06-16 20:44:38.637806+00:00,2,210,7703,3,True
69,,2020-03-20 17:18:29.466768+00:00,2021-06-18 19:29:52.651351+00:00,2,31,7743,3,True
243,,2020-09-10 12:58:08.364310+00:00,2021-06-21 11:16:23.309129+00:00,1,254,7745,3,True
140,,2020-05-28 17:07:04.462149+00:00,2021-06-21 11:18:42.542001+00:00,1,153,7747,3,True
66,,2020-03-20 17:06:54.874163+00:00,2021-06-21 11:21:28.661644+00:00,2,44,7748,3,True
282,,2020-10-21 11:29:22.856266+00:00,2021-06-21 20:54:56.513794+00:00,2,290,7786,3,True
526,,2021-05-03 19:59:23.390989+00:00,2021-06-23 15:11:44.560343+00:00,8,539,7816,1,True
291,,2020-11-12 12:06:29.779598+00:00,2021-06-28 12:14:23.399170+00:00,1,301,7910,3,True
1078,,2024-10-13 12:34:41.665030+00:00,2024-10-13 12:34:41.800120+00:00,4,1051,21532,2,True
1013,,2024-09-10 10:53:32.422086+00:00,2024-11-14 15:21:12.033014+00:00,1,996,21592,1,True
242,,2020-09-09 16:26:22.969859+00:00,2021-07-07 14:14:48.128764+00:00,5,253,8125,3,True
354,,2020-12-21 20:06:55.008839+00:00,2024-11-25 11:18:10.712630+00:00,5,377,7957,1,True
893,,2023-07-06 19:13:37.024949+00:00,2023-07-06 19:13:37.119903+00:00,1,883,17393,2,True
154,,2020-06-04 20:36:38.352737+00:00,2021-06-30 17:33:55.326063+00:00,1,167,7983,3,True
635,,2021-10-18 18:02:04.220679+00:00,2024-08-16 21:26:52.794659+00:00,1,645,17394,1,True
204,,2020-08-06 16:53:44.720504+00:00,2021-07-07 14:27:19.327005+00:00,1,218,8126,3,True
122,,2020-05-21 12:15:11.117321+00:00,2021-07-05 12:32:47.950282+00:00,1,132,8037,3,True
216,,2020-08-10 20:12:15.867288+00:00,2021-07-07 14:33:23.420759+00:00,4,229,8127,3,True
241,,2020-09-09 14:55:37.921399+00:00,2021-07-06 13:53:09.022405+00:00,5,252,8091,3,True
475,,2021-03-17 17:43:49.905144+00:00,2021-07-06 20:19:25.333933+00:00,1,485,8092,3,True
537,,2021-05-21 19:39:53.034782+00:00,2021-07-06 20:36:51.631046+00:00,5,546,8093,3,True
360,,2020-12-21 23:59:10.930310+00:00,2021-07-08 14:40:08.847626+00:00,3,382,8147,3,True
109,,2020-04-29 19:24:44.719332+00:00,2021-07-08 14:40:29.101317+00:00,1,124,8148,3,True
591,,2021-08-06 11:33:36.647685+00:00,2024-04-22 18:23:02.403156+00:00,1,607,20066,1,False
824,,2023-01-10 19:43:37.133344+00:00,2023-07-12 16:28:14.987704+00:00,9,820,17411,3,True
1066,,2024-10-08 17:39:02.572174+00:00,2024-10-18 10:28:29.577754+00:00,1,536,21538,1,True
963,,2024-04-12 23:28:41.610709+00:00,2024-10-15 22:11:51.419394+00:00,7,952,21540,1,True
258,,2020-09-28 03:18:49.523032+00:00,2024-10-16 13:48:30.717533+00:00,3,267,21594,1,True
468,,2021-03-08 13:46:49.281897+00:00,2021-07-21 20:43:13.313937+00:00,1,484,8327,3,True
542,,2021-05-31 17:01:04.580993+00:00,2021-07-26 13:05:38.970389+00:00,1,551,8483,3,False
538,,2021-05-21 20:38:08.637056+00:00,2021-07-26 14:46:03.196331+00:00,8,547,8493,1,True
384,,2020-12-23 15:04:08.959126+00:00,2021-07-27 12:09:21.575585+00:00,5,403,8552,1,True
375,,2020-12-23 12:32:05.007796+00:00,2021-07-29 12:26:06.533091+00:00,5,337,8637,1,True
398,,2020-12-29 18:57:10.035129+00:00,2021-07-29 12:26:06.610428+00:00,5,415,8640,1,True
133,,2020-05-26 21:47:14.990296+00:00,2021-07-30 19:35:12.469270+00:00,1,148,8673,3,True
247,,2020-09-15 14:46:47.235078+00:00,2021-08-02 11:07:45.773011+00:00,1,258,8678,3,True
232,,2020-09-01 18:37:07.720448+00:00,2021-08-03 13:18:53.092765+00:00,1,243,8708,3,True
465,,2021-03-05 19:26:14.812031+00:00,2021-08-03 13:29:37.166661+00:00,1,481,8709,3,True
320,,2020-12-04 18:18:57.829551+00:00,2021-08-03 20:15:33.935723+00:00,1,332,8713,3,True
576,,2021-07-13 18:55:31.355608+00:00,2021-08-04 12:48:49.691172+00:00,5,595,8724,3,False
266,,2020-10-06 20:19:49.807437+00:00,2021-08-10 20:02:43.667435+00:00,3,275,8854,3,True
110,,2020-05-07 15:09:20.334207+00:00,2021-08-11 16:30:27.521840+00:00,2,125,8871,3,True
121,,2020-05-20 18:57:02.947324+00:00,2024-07-27 13:53:21.020045+00:00,1,136,20796,1,True
283,,2020-10-21 12:17:48.378709+00:00,2021-08-20 20:48:20.759022+00:00,2,291,8948,3,True
449,,2021-02-19 13:10:06.617040+00:00,2021-08-20 20:51:58.055875+00:00,1,467,8949,3,True
322,,2020-12-09 19:21:22.268021+00:00,2024-05-11 12:07:56.545360+00:00,1,362,20177,3,True
438,,2021-02-09 11:40:44.865330+00:00,2021-08-26 12:36:13.236504+00:00,1,455,9115,3,True
566,,2021-06-23 19:22:19.975114+00:00,2021-08-26 20:59:56.651469+00:00,9,572,9132,3,False
502,,2021-04-09 12:38:05.527366+00:00,2023-08-08 18:25:14.295434+00:00,1,519,17664,3,True
607,,2021-08-27 13:10:32.246347+00:00,2021-08-31 13:26:40.498393+00:00,1,620,9261,3,False
590,,2021-08-05 14:08:45.768927+00:00,2021-08-31 13:27:12.703645+00:00,1,606,9262,3,False
560,,2021-06-17 17:28:34.820132+00:00,2021-08-31 13:27:23.968586+00:00,3,17,9263,3,False
456,,2021-02-22 12:00:46.158778+00:00,2021-09-02 14:31:10.691864+00:00,1,474,9331,3,True
518,,2021-04-29 11:53:44.193371+00:00,2021-09-04 12:35:48.097962+00:00,1,537,9352,3,True
401,,2020-12-29 20:24:12.844830+00:00,2021-09-09 12:32:11.651935+00:00,5,418,9488,3,True
480,,2021-03-20 11:41:21.575566+00:00,2021-09-13 17:38:56.635775+00:00,1,498,9553,3,True
494,,2021-04-03 19:53:27.738001+00:00,2021-09-13 18:04:45.185075+00:00,5,511,9555,3,True
267,,2020-10-06 20:35:30.523763+00:00,2021-09-13 20:19:38.990324+00:00,1,276,9560,3,True
495,,2021-04-04 12:46:00.445596+00:00,2021-09-14 12:19:29.949983+00:00,5,512,9574,3,True
570,,2021-07-05 11:26:28.346678+00:00,2021-09-14 12:53:07.635904+00:00,1,588,9575,3,False
532,,2021-05-11 19:09:31.031280+00:00,2021-09-17 12:05:24.449032+00:00,1,541,9616,3,True
546,,2021-06-04 16:24:24.105522+00:00,2021-09-21 11:42:53.902701+00:00,3,555,9637,3,False
319,,2020-12-04 12:56:19.554619+00:00,2021-09-22 12:26:46.257967+00:00,1,308,9694,3,True
425,,2021-01-28 18:40:52.882693+00:00,2021-09-23 13:27:02.652384+00:00,6,442,9702,3,True
822,,2023-01-05 22:19:12.712982+00:00,2023-02-24 15:57:26.323176+00:00,4,818,16299,1,True
128,,2020-05-25 18:15:41.897679+00:00,2021-09-28 13:02:51.521195+00:00,1,142,9853,3,True
256,,2020-09-26 19:30:05.312607+00:00,2023-03-02 16:04:34.048535+00:00,5,265,16372,1,True
623,,2021-09-29 19:03:21.223146+00:00,2021-09-29 19:03:21.243277+00:00,5,634,9893,2,False
624,,2021-09-29 19:10:27.514567+00:00,2021-12-02 12:31:35.339554+00:00,4,635,9894,2,False
831,,2023-01-24 15:33:28.739391+00:00,2023-02-25 12:43:59.986239+00:00,5,613,16302,3,True
832,,2023-01-31 23:12:11.577189+00:00,2023-02-27 11:53:11.964220+00:00,5,828,16303,3,True
367,,2020-12-22 14:20:11.036557+00:00,2023-03-03 12:30:40.320849+00:00,5,387,16378,3,True
124,,2020-05-22 13:12:15.705972+00:00,2021-10-02 11:56:16.881113+00:00,1,138,9975,3,True
88,,2020-04-03 18:31:51.694456+00:00,2021-10-07 17:37:59.216822+00:00,1,105,10108,3,True
299,,2020-11-23 17:42:21.646549+00:00,2021-10-05 11:50:12.826671+00:00,1,308,10007,3,True
342,,2020-12-15 18:29:59.099426+00:00,2021-10-05 13:11:08.222513+00:00,1,367,10040,3,True
506,,2021-04-15 11:52:38.730581+00:00,2021-10-07 11:54:26.299007+00:00,1,523,10080,3,True
275,,2020-10-14 13:45:09.182053+00:00,2021-10-19 14:53:46.338194+00:00,1,283,10261,3,True
594,,2021-08-07 21:56:35.885024+00:00,2022-12-08 12:11:26.453478+00:00,4,610,10326,1,False
382,,2020-12-23 14:30:42.587954+00:00,2021-11-12 20:02:13.266849+00:00,5,401,11492,3,True
240,,2020-09-08 18:36:30.379306+00:00,2023-07-27 19:33:06.112930+00:00,5,251,17601,3,True
970,,2024-04-17 17:14:56.921449+00:00,2024-04-30 09:17:14.768606+00:00,4,959,20123,1,True
880,,2023-06-06 22:32:31.170566+00:00,2024-04-30 15:59:18.969403+00:00,5,872,20127,3,True
782,,2022-09-16 17:42:52.527882+00:00,2023-03-07 16:31:32.882741+00:00,9,781,16392,3,True
643,,2021-11-04 20:41:14.728767+00:00,2022-01-20 18:12:03.467714+00:00,3,654,11239,1,False
276,,2020-10-14 20:40:52.534958+00:00,2021-11-12 12:01:20.033413+00:00,1,284,11467,4,True
648,,2021-11-12 14:06:38.391361+00:00,2022-03-14 12:01:32.835614+00:00,2,659,13190,4,False
265,,2020-10-06 18:23:19.471333+00:00,2022-03-25 11:54:40.645057+00:00,5,274,13268,3,True
159,,2020-06-09 13:50:52.597027+00:00,2022-03-28 12:01:24.944116+00:00,1,171,13274,4,True
445,,2021-02-15 15:01:04.249010+00:00,2021-11-18 12:01:26.940956+00:00,1,464,11631,4,True
521,,2021-04-29 18:17:11.988941+00:00,2022-03-18 19:56:46.776096+00:00,1,123,13208,3,True
68,,2020-03-20 17:11:09.425967+00:00,2022-03-21 12:01:35.368140+00:00,2,46,13223,4,True
239,,2020-09-08 14:40:57.903168+00:00,2021-11-18 19:02:35.908021+00:00,5,250,11661,3,True
5,,2020-02-19 13:35:56.807820+00:00,2021-11-19 12:07:26.439593+00:00,1,39,11668,3,True
48,,2020-03-20 14:34:34.373422+00:00,2021-11-20 14:38:16.166076+00:00,2,59,11678,3,True
227,,2020-08-19 15:51:05.468140+00:00,2021-12-10 18:22:53.535880+00:00,3,240,11823,1,True
611,,2021-09-01 13:17:18.417343+00:00,2021-11-26 12:06:52.762466+00:00,1,623,11824,3,False
455,,2021-02-20 13:01:28.439898+00:00,2021-11-30 11:33:56.049051+00:00,7,473,11906,3,True
76,,2020-03-20 19:19:07.310414+00:00,2021-12-01 12:39:59.099546+00:00,2,18,11967,3,True
609,,2021-08-30 13:12:56.136282+00:00,2021-12-03 18:35:50.740154+00:00,1,621,11991,3,False
657,,2021-12-06 18:52:25.332235+00:00,2021-12-06 18:52:25.352309+00:00,4,670,12027,2,True
287,,2020-10-27 14:46:14.271197+00:00,2021-12-23 14:30:03.667997+00:00,2,295,12269,3,True
515,,2021-04-19 15:55:04.560026+00:00,2021-12-08 13:27:31.350021+00:00,1,533,12048,3,True
292,,2020-11-12 19:43:43.069037+00:00,2021-12-09 18:23:02.720069+00:00,1,300,12058,3,True
656,,2021-12-06 18:39:05.423782+00:00,2022-02-23 11:59:10.616826+00:00,3,668,12084,1,True
658,,2021-12-06 19:00:42.071087+00:00,2022-12-09 12:28:58.302760+00:00,4,671,12106,1,True
659,,2021-12-06 19:09:50.898387+00:00,2022-12-07 22:09:26.454873+00:00,4,672,12111,1,True
661,,2021-12-06 19:24:11.270571+00:00,2023-01-25 12:18:02.531820+00:00,4,674,12115,1,True
477,,2021-03-19 12:03:05.725732+00:00,2021-12-11 12:08:08.958499+00:00,1,486,12123,3,True
213,,2020-08-10 12:42:41.668190+00:00,2021-12-13 11:27:22.484975+00:00,1,226,12126,3,True
73,,2020-03-20 17:29:21.028095+00:00,2021-12-23 16:46:57.321354+00:00,2,10,12270,3,True
586,,2021-07-29 13:51:53.250849+00:00,2021-12-14 12:01:28.406268+00:00,2,603,12152,4,False
621,,2021-09-13 19:35:55.018156+00:00,2021-12-14 12:01:29.017480+00:00,2,633,12156,4,False
178,,2020-07-03 15:09:12.771378+00:00,2021-12-14 12:33:05.452702+00:00,1,191,12162,3,True
910,,2023-09-10 15:55:10.280714+00:00,2024-05-13 12:56:21.624198+00:00,9,900,20181,3,True
684,,2021-12-14 18:38:25.568865+00:00,2023-01-02 20:14:55.959662+00:00,4,692,12180,1,True
558,,2021-06-16 15:11:27.558938+00:00,2021-12-14 20:52:16.381136+00:00,1,565,12181,3,False
19,,2020-03-06 18:04:26.502671+00:00,2021-12-15 11:14:32.816457+00:00,1,4,12182,3,True
689,,2021-12-16 18:51:53.301397+00:00,2022-12-07 22:35:31.352609+00:00,4,695,12214,1,True
692,,2021-12-16 19:21:27.156375+00:00,2022-12-08 11:46:17.349700+00:00,4,698,12224,1,True
693,,2021-12-16 19:26:33.790598+00:00,2022-12-07 22:10:11.070620+00:00,4,699,12227,1,True
418,,2021-01-19 17:25:58.565529+00:00,2021-12-17 20:08:25.714398+00:00,1,432,12233,3,True
565,,2021-06-23 19:11:22.258404+00:00,2021-12-20 11:56:04.517328+00:00,9,571,12237,3,False
386,,2020-12-23 17:46:28.726457+00:00,2021-12-21 11:06:31.772733+00:00,5,405,12247,3,True
70,,2020-03-20 17:22:05.644764+00:00,2021-12-28 11:04:14.985991+00:00,2,48,12368,3,True
450,,2021-02-19 13:27:42.970917+00:00,2021-12-29 14:42:42.194343+00:00,1,468,12401,3,True
890,,2023-06-29 11:59:37.349945+00:00,2024-10-21 21:05:46.274485+00:00,1,535,17668,1,True
397,,2020-12-29 18:48:00.879875+00:00,2021-12-29 20:14:25.861626+00:00,5,414,12408,1,True
562,,2021-06-22 13:06:08.865655+00:00,2022-01-05 14:40:26.036484+00:00,2,567,12447,3,False
111,,2020-05-07 20:17:36.700944+00:00,2022-01-06 19:10:25.332632+00:00,2,126,12470,3,True
192,,2020-07-20 14:53:36.977527+00:00,2022-01-06 19:17:23.317520+00:00,2,206,12474,3,True
649,,2021-11-12 14:23:17.237810+00:00,2022-01-07 17:26:12.210031+00:00,2,660,12484,3,False
699,,2022-01-07 17:45:25.283338+00:00,2023-07-27 23:28:50.211141+00:00,3,706,12487,1,False
361,,2020-12-22 11:59:39.803323+00:00,2022-01-10 15:15:31.303513+00:00,5,384,12502,3,True
134,,2020-05-28 12:42:41.883187+00:00,2022-01-10 16:57:01.895001+00:00,1,149,12504,3,True
62,,2020-03-20 16:57:42.208843+00:00,2022-01-12 17:07:36.197332+00:00,2,67,12522,3,True
191,,2020-07-20 14:10:55.930446+00:00,2022-01-12 17:43:14.100282+00:00,2,205,12526,3,True
592,,2021-08-06 12:49:54.284243+00:00,2022-01-12 18:23:27.809213+00:00,3,608,12531,3,False
22,,2020-03-09 20:02:40.189055+00:00,2022-01-13 20:49:03.705223+00:00,1,82,12535,3,True
634,,2021-10-13 17:13:13.896900+00:00,2022-01-13 20:59:04.352054+00:00,1,642,12536,3,False
67,,2020-03-20 17:09:01.859202+00:00,2022-01-14 11:09:07.879680+00:00,2,36,12542,3,True
100,,2020-04-25 11:17:35.530955+00:00,2022-01-17 12:01:28.772765+00:00,1,113,12549,4,True
709,,2022-01-20 12:22:18.815854+00:00,2022-01-20 12:22:18.840712+00:00,1,716,12565,2,False
200,,2020-07-27 14:31:48.787727+00:00,2022-01-26 12:01:32.189121+00:00,1,215,12643,4,True
148,,2020-06-03 00:24:00.564158+00:00,2022-01-26 12:01:33.731485+00:00,2,160,12653,4,True
250,,2020-09-18 13:09:47.157655+00:00,2022-01-26 12:01:37.287766+00:00,1,261,12676,4,True
285,,2020-10-22 18:30:15.951145+00:00,2022-01-26 12:01:39.204658+00:00,1,293,12688,4,True
481,,2021-03-23 18:11:07.934504+00:00,2022-01-26 12:01:39.355915+00:00,1,500,12689,4,True
171,,2020-06-30 02:25:46.010594+00:00,2022-01-27 12:01:24.117407+00:00,2,185,12749,4,True
564,,2021-06-23 13:41:01.708823+00:00,2024-10-11 12:18:25.345203+00:00,8,570,12751,1,False
527,,2021-05-07 17:21:32.107399+00:00,2022-01-28 17:19:48.119976+00:00,5,393,12773,1,True
574,,2021-07-09 21:10:59.207935+00:00,2022-01-28 18:29:20.117404+00:00,5,593,12779,1,False
176,,2020-06-30 20:02:11.924595+00:00,2022-02-02 14:00:56.658003+00:00,2,42,12804,3,True
89,,2020-04-05 23:45:26.130540+00:00,2022-02-03 13:09:09.684188+00:00,2,16,12824,3,True
400,,2020-12-29 19:46:04.762114+00:00,2022-02-04 11:16:15.587869+00:00,5,417,12832,3,True
77,,2020-03-20 19:21:57.827953+00:00,2022-02-07 12:01:25.454426+00:00,2,71,12869,4,True
622,,2021-09-20 15:57:18.257073+00:00,2024-11-17 13:36:22.786927+00:00,3,241,21601,1,False
713,,2022-01-31 14:44:38.142410+00:00,2022-02-21 12:01:32.977336+00:00,1,719,12944,4,True
717,,2022-02-21 17:33:11.307005+00:00,2024-04-20 21:24:12.866514+00:00,8,550,12972,1,True
677,,2021-12-10 19:26:35.235866+00:00,2022-12-09 11:04:43.517239+00:00,4,326,12973,1,True
217,,2020-08-11 12:40:39.865247+00:00,2022-02-21 19:16:01.412684+00:00,1,230,12974,3,True
81,,2020-03-28 11:16:03.003156+00:00,2022-02-22 12:36:34.006128+00:00,1,98,12982,3,True
103,,2020-04-27 15:58:20.427242+00:00,2022-02-23 11:43:55.000668+00:00,1,118,12994,3,True
492,,2021-04-01 14:59:21.056172+00:00,2022-02-23 12:08:16.189082+00:00,7,509,12997,3,True
491,,2021-04-01 14:06:43.944031+00:00,2022-02-23 12:10:00.814008+00:00,7,508,12998,3,True
577,,2021-07-16 19:22:59.924760+00:00,2022-03-02 12:01:28.875925+00:00,1,596,13024,4,False
60,,2020-03-20 16:51:29.365485+00:00,2022-03-02 12:01:32.117542+00:00,2,11,13045,4,True
540,,2021-05-25 11:54:07.989133+00:00,2022-03-02 12:01:35.043485+00:00,1,549,13065,4,True
578,,2021-07-17 11:45:32.797957+00:00,2023-02-27 12:01:35.881386+00:00,1,709,16318,4,False
41,,2020-03-20 13:50:48.289716+00:00,2022-03-08 11:45:01.072761+00:00,2,23,13132,3,True
723,,2022-03-08 17:56:12.939047+00:00,2022-03-08 17:56:12.964903+00:00,7,731,13153,2,True
642,,2021-11-04 12:46:14.089052+00:00,2022-03-09 11:27:04.124244+00:00,1,653,13156,3,False
39,,2020-03-20 13:43:28.222290+00:00,2022-03-09 12:01:21.432254+00:00,2,84,13157,4,True
54,,2020-03-20 14:56:34.950609+00:00,2022-07-06 12:01:17.467403+00:00,2,70,14174,4,True
58,,2020-03-20 16:41:59.829286+00:00,2022-07-06 12:01:18.282919+00:00,2,63,14179,4,True
620,,2021-09-10 16:09:29.685939+00:00,2023-11-27 11:29:40.149440+00:00,3,632,13368,1,False
559,,2021-06-17 17:03:29.601149+00:00,2022-12-21 12:11:26.575662+00:00,5,566,13377,1,False
628,,2021-10-01 17:29:10.659233+00:00,2022-03-31 10:10:19.841779+00:00,5,639,13403,1,False
91,,2020-04-16 11:56:25.722158+00:00,2022-04-04 12:01:26.349958+00:00,1,93,13431,4,True
524,,2021-04-30 15:08:55.821613+00:00,2022-04-08 20:49:51.184639+00:00,1,535,13474,3,True
274,,2020-10-13 19:04:38.467785+00:00,2022-04-19 12:23:29.818060+00:00,1,278,13499,3,True
605,,2021-08-23 17:48:41.212896+00:00,2022-04-26 12:01:35.665473+00:00,1,618,13573,4,False
416,,2021-01-19 11:43:15.430404+00:00,2022-04-26 12:01:37.062719+00:00,1,95,13581,4,True
98,,2020-04-23 17:14:33.960648+00:00,2022-04-26 12:01:40.336009+00:00,1,115,13598,4,True
328,,2020-12-10 12:47:41.716270+00:00,2022-05-10 19:22:17.070151+00:00,5,343,13739,3,True
160,,2020-06-09 14:13:23.356425+00:00,2022-05-17 13:02:42.402730+00:00,1,172,13763,3,True
644,,2021-11-05 17:18:23.648083+00:00,2022-05-17 18:04:43.993434+00:00,5,655,13764,3,False
556,,2021-06-11 18:01:54.509938+00:00,2022-05-25 17:17:50.763468+00:00,1,559,13801,3,False
12,,2020-03-02 18:12:58.211189+00:00,2022-05-26 12:01:57.407083+00:00,1,7,13814,4,True
118,,2020-05-19 20:58:44.551080+00:00,2022-05-26 12:01:58.067404+00:00,1,133,13817,4,True
10,,2020-02-20 21:43:52.457986+00:00,2022-05-26 12:02:02.527294+00:00,1,55,13832,4,True
177,,2020-07-01 14:09:04.968968+00:00,2022-05-30 11:36:51.483497+00:00,1,187,13899,3,True
61,,2020-03-20 16:54:00.294887+00:00,2022-05-30 12:01:55.580762+00:00,2,17,13903,4,True
530,,2021-05-11 12:10:04.546826+00:00,2022-06-03 20:27:39.727086+00:00,1,542,13921,3,True
618,,2021-09-10 10:46:25.251710+00:00,2022-06-06 12:02:05.909388+00:00,3,630,13935,4,False
27,,2020-03-17 17:50:43.082518+00:00,2022-06-07 17:48:24.147191+00:00,1,2,13947,3,True
18,,2020-03-03 17:45:37.987564+00:00,2022-06-17 14:14:45.639905+00:00,1,77,13987,3,True
145,,2020-06-02 12:20:32.368156+00:00,2022-06-20 12:01:29.491248+00:00,1,158,13996,4,True
568,,2021-07-01 18:21:29.488179+00:00,2022-06-20 18:25:45.849912+00:00,1,586,13998,3,False
732,,2022-04-27 20:18:36.774828+00:00,2022-06-21 12:01:41.630795+00:00,1,739,14005,4,True
359,,2020-12-21 22:06:33.986642+00:00,2024-04-16 13:31:04.377653+00:00,5,381,19978,1,True
552,,2021-06-09 18:13:38.724367+00:00,2022-06-21 13:20:40.207624+00:00,1,560,14019,3,False
314,,2020-12-01 19:34:37.016734+00:00,2022-06-27 12:01:43.075008+00:00,1,323,14054,4,True
393,,2020-12-29 14:25:45.159973+00:00,2022-06-28 17:30:12.875506+00:00,5,411,14125,3,True
601,,2021-08-19 13:33:52.525012+00:00,2022-07-04 14:35:50.038837+00:00,1,614,14163,3,False
130,,2020-05-26 14:50:33.889682+00:00,2022-07-07 18:56:37.681939+00:00,1,173,14209,3,True
53,,2020-03-20 14:54:59.537244+00:00,2022-11-07 12:00:37.967258+00:00,2,40,15287,4,True
783,,2022-09-19 17:31:02.432753+00:00,2022-11-10 11:23:33.361865+00:00,1,782,15309,3,True
108,,2020-04-29 13:12:02.383213+00:00,2022-07-18 15:06:20.646562+00:00,1,123,14289,3,True
181,,2020-07-06 13:40:51.698286+00:00,2022-07-19 17:33:27.206238+00:00,2,42,14304,3,True
678,,2021-12-10 19:57:23.141745+00:00,2023-09-26 12:12:23.211388+00:00,1,685,18037,4,False
841,,2023-02-27 21:30:16.300981+00:00,2023-09-29 22:21:34.698235+00:00,3,836,18105,3,True
155,,2020-06-06 14:07:17.867115+00:00,2022-07-21 12:01:13.137876+00:00,1,168,14316,4,True
769,,2022-07-21 18:46:34.574543+00:00,2022-07-21 18:49:10.502175+00:00,5,770,14328,3,True
414,,2021-01-17 13:26:52.341166+00:00,2022-07-22 12:35:35.919304+00:00,4,429,14333,1,True
698,,2022-01-06 14:58:57.174865+00:00,2022-07-25 12:01:09.036352+00:00,2,705,14340,4,True
410,,2021-01-07 14:58:23.849189+00:00,2024-04-23 23:27:47.122023+00:00,3,426,20076,3,True
972,,2024-05-03 16:01:55.148594+00:00,2024-10-17 12:51:28.989720+00:00,1,961,20148,1,True
766,,2022-07-15 12:29:41.101777+00:00,2022-07-26 12:01:13.862421+00:00,1,768,14354,4,True
147,,2020-06-02 17:38:20.440404+00:00,2022-07-26 12:01:15.527273+00:00,1,159,14364,4,True
102,,2020-04-25 12:56:02.121228+00:00,2022-07-29 18:17:51.625919+00:00,1,5,14442,3,True
3,,2020-02-18 13:34:43.322051+00:00,2022-07-29 18:18:00.230017+00:00,1,5,14443,3,True
724,,2022-03-09 14:17:08.109499+00:00,2022-08-01 12:01:11.527374+00:00,1,730,14450,4,True
728,,2022-04-02 19:51:09.619664+00:00,2022-08-04 11:26:32.130724+00:00,5,735,14462,3,True
878,,2023-06-01 19:26:55.097316+00:00,2024-10-16 12:43:51.685302+00:00,4,870,21586,1,True
599,,2021-08-13 17:15:14.220613+00:00,2022-08-22 12:01:22.727037+00:00,1,123,14555,4,False
604,,2021-08-20 11:46:16.912474+00:00,2023-01-12 13:23:57.002316+00:00,3,615,14614,1,False
45,,2020-03-20 14:22:28.444348+00:00,2022-08-26 12:01:08.405803+00:00,2,80,14621,4,True
602,,2021-08-19 17:47:13.102502+00:00,2024-10-10 12:25:55.274085+00:00,1,616,14673,1,False
281,,2020-10-19 17:43:04.437592+00:00,2022-09-05 12:01:10.929823+00:00,1,289,14744,4,True
606,,2021-08-27 12:07:49.164609+00:00,2022-09-09 20:08:33.410716+00:00,1,547,14778,3,False
772,,2022-08-02 17:12:49.866784+00:00,2022-09-12 12:01:23.697654+00:00,1,773,14784,4,True
736,,2022-05-03 17:45:19.991872+00:00,2022-09-15 19:58:33.030754+00:00,1,741,14820,3,True
668,,2021-12-10 13:03:36.050038+00:00,2022-12-07 22:33:19.741651+00:00,4,681,14857,1,True
697,,2022-01-05 13:34:34.975035+00:00,2022-09-21 12:01:12.896358+00:00,2,703,14911,4,True
323,,2020-12-09 20:04:12.386996+00:00,2022-09-21 12:01:13.192736+00:00,2,363,14912,4,True
105,,2020-04-28 14:39:09.755981+00:00,2022-09-21 17:24:16.438690+00:00,1,122,14924,3,True
551,,2021-06-09 12:48:54.982478+00:00,2022-09-21 18:02:39.713216+00:00,1,559,14926,3,False
175,,2020-06-30 14:43:05.664689+00:00,2022-09-26 12:01:46.860629+00:00,2,190,14971,4,True
424,,2021-01-27 12:16:43.637901+00:00,2022-09-26 12:01:48.106991+00:00,1,440,14973,4,True
774,,2022-08-29 12:41:56.762579+00:00,2022-09-27 13:43:36.641014+00:00,1,619,15022,3,True
639,,2021-10-27 13:44:58.092909+00:00,2022-09-27 17:57:32.576606+00:00,1,649,15026,3,False
608,,2021-08-27 13:20:50.429630+00:00,2022-09-27 17:59:30.306554+00:00,1,619,15027,3,False
754,,2022-06-28 16:52:27.379404+00:00,2022-09-30 11:59:35.254177+00:00,10,756,15056,3,True
417,,2021-01-19 12:06:58.334083+00:00,2022-10-06 11:49:07.328015+00:00,1,431,15075,3,True
230,,2020-08-20 20:45:04.493430+00:00,2022-10-06 12:00:36.255056+00:00,2,49,15079,4,True
56,,2020-03-20 15:00:28.790459+00:00,2022-10-06 12:00:36.380838+00:00,2,49,15080,4,True
136,,2020-05-28 14:42:05.447514+00:00,2022-10-07 12:00:05.329294+00:00,1,151,15086,3,True
749,,2022-06-17 19:22:21.348969+00:00,2022-10-10 17:42:56.343819+00:00,1,750,15091,3,True
735,,2022-05-03 14:19:16.552079+00:00,2022-10-12 14:14:01.034780+00:00,8,123,15101,3,True
460,,2021-02-25 20:52:57.931731+00:00,2022-10-17 12:00:39.065243+00:00,6,478,15111,4,True
617,,2021-09-09 15:11:04.358337+00:00,2022-10-17 12:00:40.226081+00:00,3,629,15122,4,False
762,,2022-07-07 19:00:34.971953+00:00,2022-10-17 12:00:40.424092+00:00,1,764,15124,4,True
745,,2022-06-08 18:57:09.620870+00:00,2022-10-18 12:44:30.884473+00:00,1,748,15150,3,True
655,,2021-12-06 18:32:40.805609+00:00,2023-01-02 20:18:21.784513+00:00,4,667,15154,1,True
796,,2022-10-20 17:40:46.264794+00:00,2022-10-20 17:41:30.314934+00:00,5,793,15164,1,True
760,,2022-07-04 14:56:32.980584+00:00,2022-10-24 14:00:02.030292+00:00,1,762,15177,3,True
428,,2021-02-02 18:05:28.295719+00:00,2022-10-26 12:00:36.631816+00:00,1,444,15189,4,True
589,,2021-08-04 20:50:16.703176+00:00,2022-10-26 12:00:36.741524+00:00,8,444,15190,4,False
79,,2020-03-27 13:52:19.828528+00:00,2022-10-26 12:00:39.853664+00:00,1,96,15216,4,True
261,,2020-09-30 12:21:43.479305+00:00,2022-10-26 12:00:40.087607+00:00,2,270,15218,4,True
271,,2020-10-09 18:49:19.920160+00:00,2022-11-16 12:00:41.305982+00:00,3,281,15353,4,True
797,,2022-10-22 13:24:23.837848+00:00,2024-02-15 22:36:35.722307+00:00,5,794,15441,1,True
85,,2020-03-31 17:21:25.466024+00:00,2022-11-28 12:01:18.443034+00:00,1,102,15481,4,True
313,,2020-12-01 17:53:46.611574+00:00,2022-11-28 19:05:11.339411+00:00,1,322,15504,3,True
380,,2020-12-23 13:59:26.912468+00:00,2023-12-13 22:54:55.499504+00:00,5,399,15524,1,True
791,,2022-09-30 15:23:43.901355+00:00,2022-11-30 22:12:44.894399+00:00,6,497,15537,4,True
470,,2021-03-13 13:09:24.830634+00:00,2022-12-01 10:10:19.282473+00:00,5,489,15538,1,True
479,,2021-03-19 13:45:49.545565+00:00,2022-12-01 12:01:10.947965+00:00,6,497,15541,4,True
788,,2022-09-27 17:05:15.586435+00:00,2022-12-01 12:01:11.266664+00:00,1,787,15542,4,True
810,,2022-11-30 11:55:36.930962+00:00,2024-01-04 20:06:36.786501+00:00,3,807,15545,1,True
683,,2021-12-14 18:31:17.877790+00:00,2022-12-01 17:50:43.705599+00:00,4,691,15547,3,True
185,,2020-07-12 16:14:46.655937+00:00,2022-12-08 19:51:06.163381+00:00,4,199,15579,3,True
815,,2022-12-09 18:59:44.792639+00:00,2024-11-12 18:02:36.556373+00:00,1,811,15602,1,True
767,,2022-07-18 11:16:22.237233+00:00,2022-12-16 12:01:35.311331+00:00,1,769,15620,4,True
780,,2022-09-13 12:07:38.914746+00:00,2022-12-16 12:01:39.719508+00:00,1,779,15638,4,True
816,,2022-12-21 13:32:28.334477+00:00,2022-12-21 13:32:46.611801+00:00,3,812,15721,1,True
431,,2021-02-06 13:00:15.422195+00:00,2024-10-14 12:46:00.712966+00:00,8,441,15723,1,True
704,,2022-01-12 18:21:47.048436+00:00,2024-07-10 18:37:08.188751+00:00,3,711,15729,1,False
179,,2020-07-03 15:19:00.790696+00:00,2022-12-26 12:02:11.995279+00:00,1,193,15756,4,True
310,,2020-11-30 13:38:19.544776+00:00,2023-01-02 12:22:18.588045+00:00,4,319,15794,1,True
821,,2023-01-05 20:42:22.133580+00:00,2023-02-24 15:52:46.063912+00:00,4,817,15876,1,True
777,,2022-09-05 16:14:09.675227+00:00,2023-01-10 11:08:41.625073+00:00,5,777,15883,3,True
627,,2021-09-30 18:56:06.610497+00:00,2023-01-13 19:12:18.499477+00:00,1,638,15899,3,False
792,,2022-10-03 20:18:42.013300+00:00,2023-01-16 12:02:14.886941+00:00,6,789,15943,4,True
664,,2021-12-06 20:37:25.360740+00:00,2023-01-17 12:22:09.606533+00:00,4,677,15986,1,True
95,,2020-04-17 18:03:06.556470+00:00,2023-01-23 12:03:24.288088+00:00,1,111,16035,1,True
115,,2020-05-19 17:37:50.568146+00:00,2023-01-26 12:01:38.292808+00:00,1,128,16068,4,True
563,,2021-06-22 17:34:16.878252+00:00,2023-01-26 12:01:38.563035+00:00,1,569,16069,4,False
144,,2020-06-01 17:27:09.357865+00:00,2023-01-26 12:01:39.539505+00:00,1,157,16073,4,True
636,,2021-10-19 14:08:09.714885+00:00,2023-01-26 12:01:41.092569+00:00,1,646,16079,4,False
798,,2022-10-25 13:28:30.986307+00:00,2023-01-26 13:01:24.126062+00:00,1,795,16097,1,True
476,,2021-03-17 17:55:50.270736+00:00,2023-02-10 18:35:33.426016+00:00,4,495,16163,3,True
712,,2022-01-26 15:56:17.354494+00:00,2023-02-10 18:35:51.282123+00:00,4,718,16164,3,True
758,,2022-07-03 19:05:12.557162+00:00,2023-02-10 18:37:43.589070+00:00,4,760,16165,3,True
834,,2023-02-12 21:17:33.265409+00:00,2023-02-13 00:18:37.732383+00:00,3,830,16174,1,True
835,,2023-02-12 21:33:51.534291+00:00,2024-03-30 23:42:22.488795+00:00,3,831,16176,1,True
838,,2023-02-13 16:58:46.093721+00:00,2023-02-13 16:58:46.187706+00:00,1,829,16192,2,True
702,,2022-01-10 19:04:42.546407+00:00,2023-02-15 12:02:12.570033+00:00,1,709,16203,4,False
509,,2021-04-16 18:52:07.606378+00:00,2023-02-16 12:02:01.196533+00:00,8,525,16220,4,True
691,,2021-12-16 19:06:00.010999+00:00,2023-02-17 10:10:20.913029+00:00,4,697,16248,1,True
673,,2021-12-10 14:50:21.037872+00:00,2023-02-17 10:10:21.505058+00:00,3,585,16249,1,True
248,,2020-09-17 22:34:06.497634+00:00,2024-10-10 14:19:47.268999+00:00,8,260,16258,1,True
847,,2023-03-14 23:00:12.252788+00:00,2024-04-16 23:08:33.549274+00:00,5,842,19994,1,True
856,,2023-04-03 14:07:49.518472+00:00,2023-07-26 12:12:20.977983+00:00,1,851,17540,4,True
536,,2021-05-21 13:43:29.124107+00:00,2023-03-13 12:01:31.341864+00:00,1,545,16422,4,True
803,,2022-10-31 19:28:30.485918+00:00,2023-07-18 16:08:54.545965+00:00,5,800,17483,1,True
785,,2022-09-20 17:52:04.301514+00:00,2023-03-16 12:01:49.312333+00:00,1,784,16469,4,True
748,,2022-06-17 18:42:21.419419+00:00,2023-03-21 12:01:20.380349+00:00,1,751,16527,4,True
852,,2023-03-23 12:43:55.534916+00:00,2024-11-20 23:18:56.380190+00:00,3,847,16548,1,True
420,,2021-01-22 17:34:05.774737+00:00,2023-03-27 12:01:14.385961+00:00,1,435,16570,4,True
682,,2021-12-14 18:27:22.716443+00:00,2023-03-27 13:42:19.106669+00:00,4,690,16585,3,True
610,,2021-08-31 14:36:41.534343+00:00,2023-03-27 18:50:34.595475+00:00,8,622,16594,1,False
212,,2020-08-10 12:30:11.043889+00:00,2023-03-29 12:41:17.237395+00:00,1,225,16622,3,True
646,,2021-11-10 13:41:15.391666+00:00,2023-03-29 13:47:46.060434+00:00,8,657,16624,3,False
650,,2021-11-17 18:21:27.381162+00:00,2023-03-30 13:10:52.925496+00:00,3,661,16628,1,False
135,,2020-05-28 13:44:12.526812+00:00,2023-03-30 19:38:01.065457+00:00,1,150,16631,3,True
787,,2022-09-23 17:08:23.039713+00:00,2023-03-30 19:52:57.648682+00:00,1,786,16633,3,True
394,,2020-12-29 14:39:24.290813+00:00,2023-04-03 17:36:06.903072+00:00,5,412,16655,3,True
215,,2020-08-10 19:53:50.387392+00:00,2024-10-08 15:34:34.220677+00:00,1,228,16712,1,True
738,,2022-05-03 21:51:08.707248+00:00,2023-04-12 18:50:16.056628+00:00,5,743,16723,3,True
865,,2023-04-14 12:20:41.225515+00:00,2024-11-14 11:09:06.316607+00:00,8,860,16739,1,True
846,,2023-03-12 00:09:06.277005+00:00,2023-04-17 20:28:34.809133+00:00,4,841,16780,1,True
757,,2022-07-03 19:01:50.339194+00:00,2023-04-19 18:00:33.663011+00:00,4,759,16807,1,True
858,,2023-04-04 18:21:33.630597+00:00,2023-04-20 13:00:30.350116+00:00,3,853,16811,1,True
573,,2021-07-07 18:18:54.992139+00:00,2023-04-26 12:01:33.870128+00:00,1,591,16844,4,False
844,,2023-03-09 18:36:29.197631+00:00,2023-04-26 12:01:36.143043+00:00,1,839,16850,4,True
117,,2020-05-19 20:24:59.131905+00:00,2023-04-26 20:33:05.444982+00:00,1,132,16869,3,True
156,,2020-06-06 14:21:02.706149+00:00,2023-04-27 11:26:06.252778+00:00,1,169,16875,3,True
817,,2022-12-21 17:01:43.232990+00:00,2023-05-05 17:00:08.738811+00:00,5,813,16912,3,True
300,,2020-11-23 19:02:15.802806+00:00,2023-05-08 12:43:39.547061+00:00,4,309,16928,3,True
727,,2022-03-28 17:05:20.312442+00:00,2023-05-09 12:06:27.586768+00:00,10,734,16932,1,True
143,,2020-05-29 13:25:42.624335+00:00,2023-11-01 12:39:42.505278+00:00,1,156,16946,1,True
443,,2021-02-11 14:39:26.306042+00:00,2023-05-16 11:39:53.459898+00:00,8,447,16973,3,True
396,,2020-12-29 16:25:58.400860+00:00,2023-05-17 02:24:07.200097+00:00,5,358,17023,1,True
771,,2022-08-01 12:51:04.319089+00:00,2023-05-17 12:05:31.832757+00:00,1,772,17026,3,True
812,,2022-12-07 17:11:57.141887+00:00,2024-08-23 17:24:35.991982+00:00,1,809,17036,1,True
630,,2021-10-07 13:04:44.463033+00:00,2023-05-26 12:01:42.903137+00:00,1,640,17075,4,False
96,,2020-04-17 19:48:43.370049+00:00,2023-05-26 12:01:47.768348+00:00,1,112,17087,4,True
512,,2021-04-18 13:23:04.772443+00:00,2023-05-29 12:03:42.181147+00:00,5,529,17120,1,True
877,,2023-05-29 17:17:28.048873+00:00,2023-12-07 22:05:14.562943+00:00,8,869,17136,1,True
547,,2021-06-04 16:44:39.626575+00:00,2023-06-01 17:57:34.479376+00:00,4,556,17146,3,False
879,,2023-06-01 21:02:02.524965+00:00,2023-06-01 21:02:49.842959+00:00,4,871,17154,1,True
829,,2023-01-23 15:23:13.807305+00:00,2023-06-02 19:22:11.425718+00:00,4,827,17156,1,True
209,,2020-08-09 20:02:44.488692+00:00,2023-07-18 21:49:02.364612+00:00,4,223,17488,1,True
32,,2020-03-19 17:27:10.890815+00:00,2023-08-11 12:46:49.421576+00:00,1,434,17685,1,True
638,,2021-10-25 13:38:07.372831+00:00,2023-09-26 12:12:24.484805+00:00,1,648,18048,4,False
71,,2020-03-20 17:25:31.991338+00:00,2023-10-14 17:51:10.777797+00:00,2,30,18185,3,True
260,,2020-09-30 12:03:25.520114+00:00,2023-08-10 12:12:36.073719+00:00,1,439,17672,4,True
859,,2023-04-04 18:35:56.864326+00:00,2023-08-16 12:12:22.287696+00:00,3,854,17732,4,True
585,,2021-07-29 13:01:48.647128+00:00,2024-02-10 17:56:44.683085+00:00,3,602,18057,1,False
853,,2023-03-28 13:42:15.898089+00:00,2023-09-27 12:12:20.790617+00:00,1,848,18071,4,True
531,,2021-05-11 12:15:36.844317+00:00,2023-09-30 11:57:56.376767+00:00,1,543,18108,3,True
595,,2021-08-09 13:40:54.330601+00:00,2023-10-06 12:12:21.710295+00:00,1,226,18139,4,False
462,,2021-03-01 20:38:28.908217+00:00,2023-10-06 12:12:21.863650+00:00,1,480,18140,4,True
864,,2023-04-13 11:57:35.371692+00:00,2024-10-10 19:41:16.257144+00:00,1,859,17737,1,True
208,,2020-08-09 12:15:28.993606+00:00,2023-08-17 19:17:16.981210+00:00,4,222,17753,3,True
794,,2022-10-11 17:27:00.044180+00:00,2023-08-17 19:21:14.204069+00:00,1,791,17755,3,True
364,,2020-12-22 12:59:30.954949+00:00,2023-08-21 15:47:15.620020+00:00,5,354,17769,3,True
776,,2022-09-05 11:29:04.371500+00:00,2023-08-25 12:12:29.684946+00:00,1,776,17784,4,True
461,,2021-03-01 19:56:49.622701+00:00,2023-08-25 12:21:03.665959+00:00,1,479,17786,3,True
183,,2020-07-11 21:44:46.995939+00:00,2023-08-28 23:41:31.389435+00:00,3,197,17825,3,True
392,,2020-12-29 14:00:05.153552+00:00,2023-08-29 00:09:11.219746+00:00,5,361,17827,3,True
352,,2020-12-21 19:33:23.640138+00:00,2023-08-29 00:11:37.994473+00:00,5,375,17829,3,True
759,,2022-07-04 14:29:36.491310+00:00,2023-08-29 11:56:40.270280+00:00,1,761,17831,3,True
289,,2020-11-07 12:02:52.782876+00:00,2023-09-05 12:12:23.078351+00:00,1,298,17866,4,True
114,,2020-05-19 17:35:09.338926+00:00,2023-09-08 11:47:07.745580+00:00,1,129,17882,3,True
811,,2022-12-06 17:35:31.548955+00:00,2024-11-10 18:55:30.044086+00:00,5,808,17903,1,True
914,,2023-09-13 22:38:05.889555+00:00,2024-02-29 20:21:09.657315+00:00,3,904,17937,1,True
842,,2023-03-07 17:45:21.874659+00:00,2023-09-18 12:12:24.149213+00:00,1,837,17965,4,True
484,,2021-03-26 13:59:57.743841+00:00,2024-10-18 15:15:04.200986+00:00,8,459,17968,1,True
871,,2023-05-05 22:04:11.758703+00:00,2023-10-02 22:37:36.530615+00:00,9,866,18128,3,True
922,,2023-10-10 16:59:43.455199+00:00,2024-02-29 20:24:21.078365+00:00,3,912,18156,1,True
645,,2021-11-08 11:50:05.506714+00:00,2024-01-15 17:41:22.041283+00:00,1,656,18164,4,False
943,,2024-01-11 13:20:38.737265+00:00,2024-07-22 11:20:38.308602+00:00,1,933,19058,1,True
967,,2024-04-17 11:20:20.154219+00:00,2024-04-17 11:23:15.648789+00:00,4,956,20000,1,True
700,,2022-01-08 12:53:32.213383+00:00,2024-01-08 17:47:43.260376+00:00,3,707,19014,1,True
519,,2021-04-29 12:41:50.785849+00:00,2024-10-21 21:06:15.659301+00:00,1,535,19015,1,True
828,,2023-01-20 11:04:58.685164+00:00,2024-01-12 10:46:25.711440+00:00,3,825,19042,3,True
900,,2023-07-26 18:14:49.569938+00:00,2024-01-12 10:47:50.976605+00:00,3,890,19044,3,True
795,,2022-10-14 18:02:33.074051+00:00,2024-10-10 18:06:53.811931+00:00,8,792,18229,1,True
845,,2023-03-11 23:36:17.586484+00:00,2024-01-04 16:38:52.450906+00:00,3,840,18245,1,True
873,,2023-05-12 13:48:46.999121+00:00,2024-10-10 18:07:09.675456+00:00,8,792,18251,1,True
309,,2020-11-29 18:12:44.103474+00:00,2023-12-02 21:01:02.611226+00:00,4,318,18256,1,True
619,,2021-09-10 13:18:23.199734+00:00,2023-10-20 20:14:34.570409+00:00,6,631,18263,3,False
925,,2023-10-23 13:18:08.288128+00:00,2024-10-10 12:59:27.749892+00:00,1,915,18278,1,True
679,,2021-12-13 19:48:08.845445+00:00,2023-10-25 21:27:13.895743+00:00,9,686,18290,3,True
549,,2021-06-07 14:58:59.168990+00:00,2023-10-26 12:12:21.992410+00:00,1,38,18321,4,False
613,,2021-09-01 19:16:57.874516+00:00,2023-10-26 12:48:49.068274+00:00,1,625,18333,3,False
926,,2023-10-29 18:03:50.905095+00:00,2023-10-29 18:04:36.489263+00:00,4,916,18385,1,True
896,,2023-07-14 21:03:00.641093+00:00,2023-10-30 12:12:19.565104+00:00,1,886,18390,4,True
557,,2021-06-15 12:53:11.152634+00:00,2023-11-07 20:42:40.253792+00:00,1,564,18464,3,False
929,,2023-11-10 11:24:31.131173+00:00,2024-10-18 16:18:36.711522+00:00,1,919,18478,1,True
219,,2020-08-12 14:08:21.882534+00:00,2024-05-07 21:55:46.301314+00:00,1,233,20167,3,True
161,,2020-06-09 17:27:20.784951+00:00,2024-05-08 19:20:37.417757+00:00,1,174,20170,3,True
543,,2021-06-01 12:59:30.240460+00:00,2023-11-20 12:18:06.732243+00:00,4,552,18564,1,False
862,,2023-04-11 20:23:39.853776+00:00,2023-11-24 15:19:53.741161+00:00,4,857,18630,3,True
584,,2021-07-29 11:57:12.463150+00:00,2023-11-24 19:12:18.880849+00:00,3,592,18634,3,False
123,,2020-05-22 12:19:30.561758+00:00,2023-11-27 12:12:21.626863+00:00,1,137,18641,4,True
969,,2024-04-17 15:02:39.708768+00:00,2024-09-30 19:21:09.276692+00:00,1,958,20011,1,True
927,,2023-10-30 12:42:06.236097+00:00,2024-04-17 23:03:21.575223+00:00,4,917,20018,3,True
259,,2020-09-28 18:00:19.002172+00:00,2024-04-22 12:12:21.113323+00:00,2,268,20050,4,True
581,,2021-07-27 12:47:24.442027+00:00,2023-11-28 11:38:19.220736+00:00,1,599,18692,3,False
912,,2023-09-11 18:41:46.544362+00:00,2023-11-28 12:12:20.418837+00:00,1,902,18697,4,True
553,,2021-06-10 18:47:21.624763+00:00,2024-10-21 12:52:15.604153+00:00,1,561,18757,1,False
676,,2021-12-10 18:25:57.917914+00:00,2023-12-11 12:04:09.800225+00:00,3,684,18771,3,True
231,,2020-08-27 18:51:13.500479+00:00,2023-12-11 12:12:21.909304+00:00,1,242,18773,4,True
233,,2020-09-02 11:59:58.267802+00:00,2023-12-12 12:51:36.815604+00:00,1,244,18785,1,True
881,,2023-06-07 13:14:52.279564+00:00,2023-12-12 20:02:28.210697+00:00,4,873,18790,1,True
752,,2022-06-25 17:19:06.799280+00:00,2023-12-16 16:50:54.868400+00:00,5,754,18795,3,True
304,,2020-11-25 18:34:58.230680+00:00,2023-12-18 13:23:29.907261+00:00,4,313,18840,1,True
440,,2021-02-09 19:09:16.810076+00:00,2024-10-09 18:23:30.159452+00:00,8,457,18845,1,True
695,,2022-01-03 21:51:17.599142+00:00,2024-11-22 21:22:29.660414+00:00,4,702,18846,1,True
813,,2022-12-08 14:16:34.955772+00:00,2024-11-14 19:07:15.792434+00:00,1,802,18850,1,True
850,,2023-03-22 18:48:22.412353+00:00,2023-12-18 22:13:19.210761+00:00,3,845,18854,1,True
765,,2022-07-14 15:07:17.467198+00:00,2024-01-26 00:15:04.327410+00:00,3,767,18855,1,True
806,,2022-11-07 20:34:27.050518+00:00,2023-12-18 23:14:16.311715+00:00,4,803,18856,1,True
719,,2022-02-23 19:30:46.743418+00:00,2023-12-19 10:10:23.600405+00:00,5,726,18857,1,True
940,,2024-01-02 12:12:26.740899+00:00,2024-07-11 14:36:52.235619+00:00,1,930,18969,1,True
939,,2024-01-02 11:55:47.338166+00:00,2024-10-18 16:48:48.544924+00:00,1,929,18971,1,True
463,,2021-03-02 12:58:27.964663+00:00,2024-11-14 14:20:23.033820+00:00,8,460,18945,1,True
730,,2022-04-12 20:40:32.476570+00:00,2024-01-03 16:19:03.065598+00:00,4,694,18981,1,True
688,,2021-12-16 18:47:03.264689+00:00,2024-01-03 16:19:03.289732+00:00,4,694,18982,1,True
942,,2024-01-02 22:17:41.288133+00:00,2024-10-14 12:56:57.074448+00:00,1,932,18984,1,True
825,,2023-01-13 20:06:49.923441+00:00,2024-01-16 19:33:29.001806+00:00,1,822,19112,3,True
729,,2022-04-04 20:54:42.770747+00:00,2024-01-16 19:35:54.447826+00:00,1,736,19113,3,True
16,,2020-03-02 20:50:53.529091+00:00,2024-01-22 17:01:10.793242+00:00,1,75,19163,1,True
945,,2024-01-24 11:26:53.782825+00:00,2024-01-24 11:26:53.900754+00:00,3,935,19179,2,True
507,,2021-04-15 12:07:07.824572+00:00,2024-01-26 12:12:24.598607+00:00,1,524,19201,4,True
2,,2020-02-17 21:25:24.236088+00:00,2024-10-17 22:07:55.817174+00:00,1,3,19219,1,True
120,,2020-05-19 22:13:31.721833+00:00,2024-01-26 14:48:28.159201+00:00,1,135,19220,1,True
761,,2022-07-06 20:33:38.741718+00:00,2024-01-29 17:29:34.792175+00:00,1,763,19246,3,True
901,,2023-08-01 17:18:48.922264+00:00,2024-01-31 12:12:22.687243+00:00,1,892,19256,4,True
950,,2024-02-04 17:50:58.599516+00:00,2024-02-04 19:19:53.691509+00:00,4,940,19282,1,True
916,,2023-09-24 11:41:51.624860+00:00,2024-02-04 18:40:15.669633+00:00,3,906,19283,3,True
582,,2021-07-27 12:52:09.769439+00:00,2024-02-05 13:09:41.124452+00:00,1,599,19302,3,False
404,,2021-01-04 12:31:26.387216+00:00,2024-02-09 15:50:00.636707+00:00,5,419,19324,3,True
924,,2023-10-15 23:33:26.190497+00:00,2024-02-12 13:57:02.273720+00:00,10,914,19333,3,True
284,,2020-10-22 11:41:10.536407+00:00,2024-02-12 23:26:39.840118+00:00,5,292,19334,3,True
665,,2021-12-10 12:43:50.617243+00:00,2024-02-16 18:54:16.454892+00:00,3,678,19409,3,True
947,,2024-01-30 23:02:00.889776+00:00,2024-11-23 14:58:55.303062+00:00,1,938,19412,1,True
944,,2024-01-13 17:45:26.902045+00:00,2024-07-08 22:54:17.004332+00:00,3,934,19420,1,True
886,,2023-06-22 11:53:35.519682+00:00,2024-02-19 11:41:51.805301+00:00,1,877,19432,3,True
137,,2020-05-28 16:28:23.802892+00:00,2024-02-21 12:12:22.362142+00:00,1,152,19455,4,True
139,,2020-05-28 16:37:19.148601+00:00,2024-02-21 12:12:22.460540+00:00,1,152,19456,4,True
672,,2021-12-10 14:43:33.537018+00:00,2024-02-22 20:43:25.789973+00:00,3,582,19486,3,True
708,,2022-01-19 20:57:39.698075+00:00,2024-02-24 12:09:06.095998+00:00,3,715,19491,3,True
441,,2021-02-09 19:53:06.580650+00:00,2024-02-26 14:34:11.548782+00:00,1,458,19514,1,True
716,,2022-02-07 23:33:53.186693+00:00,2024-02-27 00:05:39.796287+00:00,3,583,19524,1,True
508,,2021-04-16 18:44:59.154135+00:00,2024-02-27 14:09:25.044146+00:00,8,526,19535,1,True
954,,2024-02-27 19:47:07.427863+00:00,2024-02-27 19:49:53.084777+00:00,8,944,19540,1,True
734,,2022-05-02 14:22:24.028260+00:00,2024-02-29 13:55:55.549066+00:00,3,740,19553,3,True
790,,2022-09-30 12:30:11.302159+00:00,2024-08-12 17:10:48.625062+00:00,6,788,19593,1,True
956,,2024-03-08 19:46:45.550991+00:00,2024-03-11 23:55:15.551304+00:00,1,946,19597,1,True
626,,2021-09-30 12:06:46.646301+00:00,2024-03-12 12:36:07.023499+00:00,1,637,19618,3,False
253,,2020-09-22 12:15:12.146800+00:00,2024-03-27 10:48:51.953834+00:00,1,263,19619,1,True
725,,2022-03-17 12:49:15.052950+00:00,2024-03-15 17:44:57.794583+00:00,1,732,19631,3,True
753,,2022-06-28 12:34:48.750304+00:00,2024-03-18 12:11:39.961384+00:00,1,755,19633,3,True
928,,2023-10-30 18:37:29.278393+00:00,2024-03-18 12:12:22.285061+00:00,1,918,19637,4,True
660,,2021-12-06 19:14:25.745098+00:00,2024-03-18 16:39:58.440473+00:00,4,673,19670,1,True
138,,2020-05-28 16:31:00.854779+00:00,2024-03-21 12:12:22.732501+00:00,1,152,19713,4,True
90,,2020-04-16 10:48:58.731103+00:00,2024-03-21 12:12:23.597983+00:00,1,107,19721,4,True
843,,2023-03-09 00:05:36.474969+00:00,2024-03-22 13:46:49.963478+00:00,7,838,19743,1,True
781,,2022-09-15 20:06:10.453955+00:00,2024-03-22 14:06:48.707286+00:00,5,780,19745,3,True
561,,2021-06-21 17:59:43.414276+00:00,2024-03-22 20:14:41.734529+00:00,1,568,19753,3,False
478,,2021-03-19 13:35:46.929212+00:00,2024-03-22 20:15:54.789339+00:00,3,496,19755,3,True
279,,2020-10-16 13:36:40.905989+00:00,2024-03-22 20:23:02.339436+00:00,6,287,19758,3,True
632,,2021-10-08 18:07:09.053798+00:00,2024-03-22 20:25:16.581977+00:00,5,643,19760,3,False
637,,2021-10-25 13:26:35.374028+00:00,2024-03-22 20:28:09.887924+00:00,1,647,19762,3,False
808,,2022-11-10 20:08:51.710197+00:00,2024-03-22 20:29:18.839115+00:00,1,805,19764,3,True
485,,2021-03-27 11:40:44.123921+00:00,2024-03-22 20:40:25.504288+00:00,1,503,19767,3,True
33,,2020-03-20 13:02:12.998290+00:00,2024-03-22 20:46:09.554547+00:00,2,60,19769,3,True
293,,2020-11-13 13:23:38.525662+00:00,2024-03-22 20:51:48.297315+00:00,1,302,19771,3,True
390,,2020-12-29 13:04:30.323139+00:00,2024-03-23 11:47:57.184852+00:00,5,409,19775,3,True
959,,2024-03-27 18:29:39.037763+00:00,2024-10-11 19:10:56.200724+00:00,1,948,19815,1,True
960,,2024-03-27 19:23:24.564394+00:00,2024-07-17 12:37:23.152804+00:00,1,949,19818,1,True
190,,2020-07-18 12:33:30.317228+00:00,2024-04-01 15:15:31.071267+00:00,1,204,19846,3,True
948,,2024-02-01 16:52:10.078037+00:00,2024-04-01 22:42:18.350947+00:00,5,936,19853,3,True
663,,2021-12-06 19:55:16.758820+00:00,2024-04-03 10:56:48.903478+00:00,3,676,19862,3,True
597,,2021-08-10 19:32:00.376439+00:00,2024-04-08 20:42:10.799046+00:00,5,612,19902,3,False
855,,2023-03-29 23:36:22.884856+00:00,2024-04-10 16:11:19.840864+00:00,3,850,19909,1,True
670,,2021-12-10 14:34:13.117246+00:00,2024-04-12 11:55:39.973299+00:00,3,578,19919,1,True
486,,2021-03-29 18:04:09.288304+00:00,2024-04-12 15:59:33.192273+00:00,8,504,19921,1,True
805,,2022-11-07 11:43:50.868690+00:00,2024-04-26 12:12:21.218916+00:00,1,801,20088,4,True
101,,2020-04-25 12:35:04.704406+00:00,2024-04-26 12:12:21.523417+00:00,1,117,20091,4,True
596,,2021-08-09 14:46:00.844441+00:00,2024-11-21 12:04:33.473865+00:00,1,611,20128,1,False
141,,2020-05-28 19:59:49.216049+00:00,2024-05-03 22:54:02.296409+00:00,1,155,20150,1,True
932,,2023-11-28 11:11:00.508643+00:00,2024-07-29 13:51:21.565750+00:00,1,922,20805,3,True
827,,2023-01-19 17:04:50.904553+00:00,2024-05-16 12:12:13.780462+00:00,3,824,20193,4,True
789,,2022-09-30 11:56:08.855821+00:00,2024-05-16 12:12:15.627059+00:00,10,734,20227,4,True
976,,2024-05-16 00:33:40.833163+00:00,2024-07-08 23:14:47.625816+00:00,1,964,20233,1,True
977,,2024-05-16 16:31:18.778732+00:00,2024-05-19 23:15:14.498478+00:00,1,965,20241,1,True
674,,2021-12-10 18:09:58.520928+00:00,2024-05-17 12:25:27.444629+00:00,3,682,20261,1,True
705,,2022-01-13 21:27:34.547576+00:00,2024-05-17 13:04:51.048595+00:00,3,712,20262,1,True
710,,2022-01-20 18:02:10.981053+00:00,2024-05-18 13:30:41.366935+00:00,3,717,20275,1,True
820,,2023-01-02 11:13:00.205729+00:00,2024-05-18 22:59:26.968155+00:00,3,816,20276,1,True
14,,2020-03-02 18:17:49.537580+00:00,2024-05-19 22:56:11.575042+00:00,1,8,20284,3,True
371,,2020-12-22 18:48:44.634878+00:00,2024-05-20 18:46:21.737772+00:00,5,390,20292,1,True
971,,2024-04-17 23:45:18.042618+00:00,2024-05-21 12:12:18.429244+00:00,9,960,20306,4,True
131,,2020-05-26 16:14:39.358683+00:00,2024-10-08 18:28:58.515990+00:00,1,146,20313,1,True
555,,2021-06-11 17:30:45.522601+00:00,2024-05-21 13:47:31.745906+00:00,1,563,20315,1,False
854,,2023-03-29 22:04:51.078583+00:00,2024-06-11 18:10:25.570938+00:00,3,849,20445,1,True
544,,2021-06-02 17:14:11.774347+00:00,2024-11-11 11:18:03.911491+00:00,1,553,20366,1,False
740,,2022-05-09 12:26:33.957285+00:00,2024-05-29 13:40:06.305807+00:00,6,737,20378,1,True
786,,2022-09-22 17:12:10.774439+00:00,2024-06-11 23:10:25.871374+00:00,1,785,20446,1,True
533,,2021-05-19 13:35:00.312975+00:00,2024-10-28 11:04:52.477693+00:00,1,544,20393,1,True
979,,2024-06-01 12:04:56.940086+00:00,2024-06-01 12:04:57.363110+00:00,1,967,20397,2,True
548,,2021-06-05 13:10:24.238837+00:00,2024-06-01 13:08:23.716592+00:00,3,557,20398,1,False
7,,2020-02-20 11:40:14.399327+00:00,2024-06-01 16:20:28.190486+00:00,1,47,20400,3,True
510,,2021-04-17 13:55:28.369770+00:00,2024-06-04 12:40:56.989831+00:00,8,527,20415,1,True
373,,2020-12-23 11:59:29.232530+00:00,2024-06-04 18:56:50.684506+00:00,6,499,20417,3,True
882,,2023-06-09 11:36:23.714198+00:00,2024-06-11 12:12:18.776157+00:00,10,874,20441,4,True
86,,2020-04-03 10:29:53.105788+00:00,2024-06-17 12:12:21.831898+00:00,1,103,20485,4,True
6,,2020-02-19 13:41:17.983863+00:00,2024-06-17 12:12:22.000220+00:00,1,38,20487,4,True
370,,2020-12-22 18:25:07.872209+00:00,2024-06-17 13:33:31.615575+00:00,5,391,20494,1,True
433,,2021-02-06 15:52:59.455307+00:00,2024-06-17 14:37:36.920874+00:00,5,449,20496,1,True
952,,2024-02-20 11:12:02.768677+00:00,2024-06-17 14:52:32.631801+00:00,3,942,20497,1,True
982,,2024-06-17 16:12:46.338748+00:00,2024-06-17 16:13:07.606478+00:00,4,970,20501,1,True
975,,2024-05-13 22:05:12.359204+00:00,2024-11-13 00:59:26.919384+00:00,1,8,20509,1,True
919,,2023-09-28 15:55:55.334280+00:00,2024-06-17 23:10:12.070454+00:00,3,909,20510,1,True
389,,2020-12-29 12:52:03.161657+00:00,2024-06-18 09:59:00.826639+00:00,5,408,20511,1,True
687,,2021-12-16 18:41:53.972652+00:00,2024-06-18 13:56:40.306968+00:00,4,693,20519,1,True
981,,2024-06-13 18:21:03.914665+00:00,2024-06-18 15:55:59.885495+00:00,3,969,20522,1,True
99,,2020-04-23 17:30:22.350573+00:00,2024-06-21 13:09:10.706000+00:00,1,116,20553,1,True
957,,2024-03-15 11:38:39.897657+00:00,2024-06-21 14:13:27.161054+00:00,1,947,20555,1,True
902,,2023-08-10 11:54:03.013494+00:00,2024-06-24 12:12:18.175046+00:00,9,893,20569,4,True
666,,2021-12-10 12:47:33.559136+00:00,2024-06-26 15:33:17.851868+00:00,3,679,20601,3,True
308,,2020-11-28 11:57:58.916632+00:00,2024-10-23 21:26:21.484949+00:00,1,317,20604,1,True
993,,2024-07-26 18:03:35.289872+00:00,2024-07-26 18:03:56.836265+00:00,4,981,20791,1,True
923,,2023-10-11 14:01:16.589055+00:00,2024-07-02 22:31:49.376846+00:00,5,913,20633,3,True
941,,2024-01-02 21:02:11.984940+00:00,2024-07-10 17:54:26.652712+00:00,1,931,20648,3,True
703,,2022-01-11 20:04:12.312753+00:00,2024-07-15 14:16:02.403430+00:00,5,710,20656,3,False
157,,2020-06-06 14:41:25.535576+00:00,2024-11-13 00:38:04.679437+00:00,1,170,20690,1,True
603,,2021-08-19 18:06:29.972879+00:00,2024-09-27 18:31:15.163718+00:00,1,617,20694,1,False
251,,2020-09-19 11:57:59.715966+00:00,2024-07-17 20:18:57.945161+00:00,8,262,20718,1,True
500,,2021-04-08 12:38:54.229050+00:00,2024-07-21 21:44:55.699501+00:00,1,517,20723,3,True
985,,2024-06-20 14:07:30.352915+00:00,2024-07-19 13:34:44.743454+00:00,5,800,20728,1,True
833,,2023-02-10 11:48:04.858849+00:00,2024-07-20 19:14:39.331226+00:00,1,765,20731,3,True
711,,2022-01-25 17:55:41.032505+00:00,2024-07-21 19:31:57.452275+00:00,9,688,20733,3,True
505,,2021-04-15 11:34:37.531669+00:00,2024-07-21 19:55:00.407058+00:00,1,522,20734,3,True
270,,2020-10-09 14:23:33.242670+00:00,2024-07-22 11:52:55.758359+00:00,5,280,20735,3,True
686,,2021-12-16 18:37:08.737386+00:00,2024-07-22 15:57:40.218944+00:00,4,327,20752,1,True
454,,2021-02-20 12:52:20.742886+00:00,2024-07-22 19:15:46.928247+00:00,6,472,20753,1,True
965,,2024-04-16 16:22:21.408202+00:00,2024-07-23 12:15:19.122909+00:00,3,953,20757,1,True
721,,2022-03-07 17:17:57.331409+00:00,2024-07-23 20:32:11.986481+00:00,10,729,20762,3,True
718,,2022-02-23 11:22:17.903752+00:00,2024-07-29 16:43:34.648176+00:00,10,725,20807,3,True
726,,2022-03-19 11:43:27.182461+00:00,2024-07-31 18:10:13.011184+00:00,1,733,20826,1,True
995,,2024-07-31 21:04:48.841611+00:00,2024-07-31 21:06:01.210134+00:00,4,982,20830,1,True
996,,2024-08-01 11:20:11.182350+00:00,2024-08-01 11:20:57.531709+00:00,4,983,20833,1,True
501,,2021-04-08 15:05:03.245424+00:00,2024-08-01 18:46:27.671334+00:00,1,518,20837,3,True
92,,2020-04-16 12:23:08.038372+00:00,2024-08-01 18:47:49.386561+00:00,1,108,20838,3,True
696,,2022-01-05 13:29:29.968864+00:00,2024-08-01 23:49:54.753363+00:00,7,704,20842,3,True
895,,2023-07-14 00:34:10.709717+00:00,2024-08-02 11:09:33.115458+00:00,9,885,20845,1,True
733,,2022-04-27 22:52:23.894106+00:00,2024-08-03 14:00:17.316768+00:00,3,576,20851,1,True
990,,2024-07-23 14:30:09.032643+00:00,2024-09-19 18:45:29.665213+00:00,1,978,20860,1,True
631,,2021-10-07 18:01:51.816329+00:00,2024-08-05 18:07:03.133293+00:00,1,641,20866,3,False
193,,2020-07-20 17:31:22.766609+00:00,2024-08-05 22:22:27.076701+00:00,2,65,20871,3,True
539,,2021-05-24 18:52:15.451455+00:00,2024-08-07 09:07:23.341083+00:00,1,548,20875,1,True
980,,2024-06-03 13:40:11.439630+00:00,2024-08-07 12:12:23.861210+00:00,1,968,20878,4,True
986,,2024-06-24 23:05:01.099984+00:00,2024-08-09 20:25:23.305348+00:00,5,973,20884,3,True
755,,2022-06-29 16:50:28.864777+00:00,2024-08-10 00:08:19.469218+00:00,1,757,20886,1,True
633,,2021-10-11 18:26:21.669961+00:00,2024-08-15 22:42:42.818220+00:00,3,644,20909,3,False
826,,2023-01-19 16:35:30.800699+00:00,2024-08-16 12:12:22.719997+00:00,3,823,20911,4,True
199,,2020-07-25 13:09:19.440434+00:00,2024-08-16 15:22:50.420703+00:00,1,201,20941,1,True
187,,2020-07-17 11:47:29.927469+00:00,2024-08-16 15:22:50.763939+00:00,1,201,20942,1,True
904,,2023-08-15 12:45:30.522277+00:00,2024-10-08 15:36:01.941360+00:00,1,894,20943,1,True
430,,2021-02-06 11:58:59.895327+00:00,2024-08-16 18:08:36.424538+00:00,1,446,20945,1,True
504,,2021-04-15 11:18:18.366101+00:00,2024-08-16 22:45:34.421434+00:00,1,370,20948,1,True
675,,2021-12-10 18:15:36.946567+00:00,2024-08-16 21:37:31.744727+00:00,3,683,20949,3,True
741,,2022-05-10 16:56:37.186097+00:00,2024-08-17 12:02:11.355681+00:00,5,745,20951,1,True
999,,2024-08-17 19:13:45.663653+00:00,2024-08-17 19:13:45.826705+00:00,1,979,20954,2,True
1000,,2024-08-17 19:15:25.206177+00:00,2024-08-17 19:41:01.232623+00:00,1,979,20959,1,True
876,,2023-05-22 16:53:52.026885+00:00,2024-08-18 11:38:16.927550+00:00,3,868,20961,3,True
671,,2021-12-10 14:40:37.286361+00:00,2024-08-19 23:10:19.796580+00:00,3,581,20965,1,True
84,,2020-03-31 13:44:34.317600+00:00,2024-08-20 18:10:16.855880+00:00,1,101,20969,1,True
166,,2020-06-17 18:10:04.576242+00:00,2024-08-21 13:37:35.329603+00:00,1,179,20978,1,True
784,,2022-09-20 14:17:09.871637+00:00,2024-08-21 21:53:42.416275+00:00,1,783,20983,3,True
405,,2021-01-04 13:11:17.722499+00:00,2024-09-19 23:03:43.890792+00:00,5,420,21273,1,True
652,,2021-11-18 18:32:00.887732+00:00,2024-10-20 18:23:39.539562+00:00,7,663,21012,1,True
1001,,2024-08-26 19:55:08.555316+00:00,2024-10-31 15:20:48.994248+00:00,3,986,21017,2,True
966,,2024-04-16 22:40:05.352230+00:00,2024-08-26 20:16:43.513224+00:00,5,955,21019,1,True
196,,2020-07-23 14:06:32.023343+00:00,2024-08-26 20:25:55.963739+00:00,5,211,21020,1,True
358,,2020-12-21 21:51:54.256258+00:00,2024-08-26 21:39:40.940681+00:00,5,380,21021,1,True
720,,2022-02-25 19:54:15.346106+00:00,2024-08-27 12:59:55.022187+00:00,10,727,21027,3,True
707,,2022-01-19 11:33:03.447305+00:00,2024-11-14 14:37:28.393401+00:00,1,120,21035,1,False
989,,2024-07-17 15:37:57.594565+00:00,2024-08-29 23:58:26.859583+00:00,1,946,21043,3,True
885,,2023-06-20 18:03:52.266335+00:00,2024-08-30 18:39:14.430493+00:00,1,878,21061,4,True
483,,2021-03-25 18:34:06.189149+00:00,2024-10-31 16:02:38.251892+00:00,1,502,21069,1,True
580,,2021-07-26 20:15:43.175271+00:00,2024-09-02 22:02:46.212776+00:00,7,598,21070,1,False
1004,,2024-09-02 22:17:27.474482+00:00,2024-09-04 18:46:35.482397+00:00,7,989,21073,1,True
615,,2021-09-08 12:55:04.865863+00:00,2024-10-16 12:34:01.809417+00:00,1,627,21075,1,False
1005,,2024-09-03 16:32:53.082442+00:00,2024-10-11 12:54:28.282988+00:00,1,990,21078,1,True
1009,,2024-09-05 18:08:20.853857+00:00,2024-11-12 13:42:50.068356+00:00,1,993,21095,1,True
1010,,2024-09-06 11:14:03.361942+00:00,2024-10-31 15:57:02.615864+00:00,1,995,21098,1,True
244,,2020-09-10 17:31:20.380886+00:00,2024-09-06 18:10:24.470832+00:00,1,255,21102,1,True
653,,2021-12-06 18:17:43.233722+00:00,2024-11-22 21:39:52.047594+00:00,4,665,21105,1,True
849,,2023-03-21 17:21:42.901636+00:00,2024-09-09 17:40:58.662760+00:00,1,844,21106,1,True
1012,,2024-09-09 18:37:16.485961+00:00,2024-10-26 15:19:04.127200+00:00,1,994,21109,1,True
1015,,2024-09-10 11:07:30.920663+00:00,2024-11-14 15:20:49.735627+00:00,1,996,21115,1,True
1020,,2024-09-12 17:32:05.792804+00:00,2024-11-11 13:57:07.944551+00:00,1,999,21132,1,True
1018,,2024-09-12 16:53:42.891840+00:00,2024-10-08 21:15:54.423104+00:00,1,1001,21134,1,True
1021,,2024-09-13 18:05:13.171969+00:00,2024-10-10 20:22:53.313092+00:00,1,1003,21140,1,True
1016,,2024-09-11 13:15:05.751250+00:00,2024-10-14 11:39:49.995069+00:00,1,1000,21142,1,True
1023,,2024-09-14 14:15:37.605348+00:00,2024-10-10 20:23:39.425274+00:00,1,1003,21148,1,True
802,,2022-10-31 19:19:19.926595+00:00,2024-09-16 12:12:32.930333+00:00,6,799,21150,4,True
303,,2020-11-25 18:25:02.419506+00:00,2024-09-16 12:34:25.325349+00:00,4,312,21193,1,True
951,,2024-02-08 17:55:38.819791+00:00,2024-09-16 14:00:15.315741+00:00,1,941,21197,1,True
452,,2021-02-19 19:34:18.244130+00:00,2024-09-16 14:53:56.361022+00:00,3,470,21198,1,True
341,,2020-12-14 21:17:13.294727+00:00,2024-09-16 18:10:22.904485+00:00,5,366,21206,1,True
756,,2022-07-03 14:01:07.008513+00:00,2024-09-16 22:03:40.163261+00:00,4,758,21210,1,True
403,,2020-12-29 20:48:19.058112+00:00,2024-09-16 22:59:48.848501+00:00,5,389,21211,1,True
872,,2023-05-11 23:04:50.640917+00:00,2024-09-17 11:06:14.300530+00:00,3,867,21215,1,True
1024,,2024-09-17 11:34:34.180489+00:00,2024-10-16 13:34:12.578966+00:00,1,1005,21230,1,True
918,,2023-09-28 15:42:12.162005+00:00,2024-09-17 15:54:13.039462+00:00,3,908,21232,1,True
799,,2022-10-25 14:04:25.228304+00:00,2024-09-17 18:10:23.268277+00:00,6,796,21234,1,True
992,,2024-07-24 18:45:25.463980+00:00,2024-10-28 18:45:43.567796+00:00,1,980,21244,1,True
1027,,2024-09-17 20:46:24.356934+00:00,2024-09-17 21:22:53.151871+00:00,1,980,21246,3,True
641,,2021-10-28 13:23:41.485627+00:00,2024-09-18 12:24:31.774031+00:00,1,652,21256,1,False
1025,,2024-09-17 13:14:39.583651+00:00,2024-10-09 18:29:25.405283+00:00,1,600,21259,1,True
1026,,2024-09-17 15:51:09.664111+00:00,2024-09-18 18:22:22.257225+00:00,1,1007,21263,1,True
994,,2024-07-27 17:22:27.173742+00:00,2024-09-18 23:10:21.951050+00:00,11,977,21265,1,True
647,,2021-11-11 12:04:48.795772+00:00,2024-09-20 11:55:41.964234+00:00,1,658,21276,3,False
1029,,2024-09-20 11:31:45.838448+00:00,2024-10-10 20:23:11.389358+00:00,1,1003,21279,1,True
955,,2024-02-28 23:01:01.393043+00:00,2024-09-23 12:12:34.803726+00:00,10,945,21292,4,True
474,,2021-03-15 21:02:12.454670+00:00,2024-09-23 15:16:41.915586+00:00,5,494,21301,1,True
220,,2020-08-13 17:21:41.711637+00:00,2024-09-23 17:29:28.779462+00:00,1,234,21304,1,True
471,,2021-03-14 14:23:12.603068+00:00,2024-11-14 11:14:51.147236+00:00,7,490,21306,1,True
13,,2020-03-02 18:15:15.918639+00:00,2024-09-24 12:05:30.258012+00:00,1,74,21307,3,True
1037,,2024-09-26 11:26:21.146704+00:00,2024-09-30 20:00:57.138365+00:00,1,733,21338,1,True
489,,2021-03-31 20:18:18.818803+00:00,2024-11-12 11:53:40.160344+00:00,8,506,21339,1,True
1038,,2024-09-26 17:45:50.563339+00:00,2024-11-23 18:12:27.562181+00:00,1,1014,21343,1,True
866,,2023-04-14 15:03:30.759232+00:00,2024-09-26 23:34:52.491761+00:00,3,861,21346,1,True
28,,2020-03-17 21:09:41.363668+00:00,2024-10-15 20:32:16.150800+00:00,1,91,21353,1,True
412,,2021-01-08 16:39:34.086538+00:00,2024-09-27 16:43:59.234996+00:00,5,425,21356,3,True
1039,,2024-09-27 12:53:19.616223+00:00,2024-11-05 15:44:57.165581+00:00,1,1015,21361,1,True
1041,,2024-09-27 16:08:15.223358+00:00,2024-10-02 11:28:47.227057+00:00,1,1016,21364,1,True
1040,,2024-09-27 16:01:38.576420+00:00,2024-10-03 12:39:42.665870+00:00,1,1017,21366,1,True
1044,,2024-09-30 13:46:10.528916+00:00,2024-09-30 21:13:56.779627+00:00,1,1020,21382,1,True
516,,2021-04-20 14:28:04.734143+00:00,2024-10-28 19:01:40.835014+00:00,8,534,21389,1,True
1045,,2024-10-01 12:10:08.370596+00:00,2024-11-07 16:44:31.407737+00:00,1,1022,21391,1,True
1047,,2024-10-01 17:38:41.808806+00:00,2024-10-08 20:50:53.048479+00:00,1,1024,21399,1,True
962,,2024-04-10 17:14:54.681159+00:00,2024-10-02 10:16:52.335345+00:00,5,951,21404,1,True
1003,,2024-08-30 14:57:58.585142+00:00,2024-10-02 12:34:58.246968+00:00,9,988,21406,3,True
1049,,2024-10-02 13:19:19.614669+00:00,2024-10-09 12:04:59.898079+00:00,1,1027,21415,1,True
1050,,2024-10-02 16:26:29.543860+00:00,2024-11-06 11:47:23.973635+00:00,1,1026,21418,1,True
1051,,2024-10-02 18:03:09.760489+00:00,2024-10-09 17:56:21.681387+00:00,1,1031,21421,1,True
1052,,2024-10-02 19:26:14.669005+00:00,2024-11-01 13:47:40.924336+00:00,1,1029,21424,1,True
451,,2021-02-19 14:21:13.758471+00:00,2024-10-02 20:49:52.278066+00:00,1,469,21425,1,True
1053,,2024-10-03 11:14:09.279936+00:00,2024-10-22 17:11:18.446535+00:00,1,1023,21428,1,True
1054,,2024-10-03 17:04:16.571719+00:00,2024-11-07 20:48:48.741890+00:00,1,1030,21431,1,True
1056,,2024-10-04 17:30:50.019856+00:00,2024-10-29 17:40:21.368995+00:00,1,1034,21435,1,True
1055,,2024-10-04 17:06:28.569502+00:00,2024-11-07 20:47:25.685318+00:00,1,1035,21437,1,True
444,,2021-02-15 13:11:17.836082+00:00,2024-10-07 12:12:37.595457+00:00,1,463,21449,4,True
1058,,2024-10-05 11:14:26.979004+00:00,2024-11-08 18:01:54.437708+00:00,1,1032,21457,1,True
550,,2021-06-08 12:56:24.593026+00:00,2024-10-07 20:02:46.629716+00:00,1,558,21461,1,False
593,,2021-08-06 21:19:35.535098+00:00,2024-10-07 20:23:09.590563+00:00,8,609,21463,1,False
1061,,2024-10-07 13:42:25.920209+00:00,2024-10-08 17:06:21.003170+00:00,1,1036,21467,1,True
1060,,2024-10-07 13:40:53.104510+00:00,2024-10-08 17:04:51.077070+00:00,1,1036,21469,1,True
1062,,2024-10-07 13:43:37.333461+00:00,2024-10-08 17:14:34.823264+00:00,1,1036,21473,1,True
1063,,2024-10-08 11:48:23.007079+00:00,2024-10-08 20:17:59.207173+00:00,1,1038,21477,1,True
1065,,2024-10-08 16:56:04.999271+00:00,2024-10-09 18:31:07.082878+00:00,1,1040,21481,1,True
326,,2020-12-10 12:24:04.745273+00:00,2024-10-09 12:21:46.729671+00:00,5,339,21482,3,True
82,,2020-03-30 13:54:26.673394+00:00,2024-10-09 13:04:49.439678+00:00,1,99,21484,1,True
1069,,2024-10-09 15:15:25.039992+00:00,2024-10-09 21:03:43.402594+00:00,1,1044,21492,1,True
744,,2022-05-26 19:26:15.471968+00:00,2024-10-10 14:32:43.366921+00:00,5,747,21497,3,True
1071,,2024-10-10 18:11:08.566467+00:00,2024-10-23 12:13:59.187062+00:00,1,1045,21502,1,True
1073,,2024-10-10 20:22:37.368068+00:00,2024-11-13 10:52:22.717792+00:00,1,1047,21506,1,True
1068,,2024-10-09 11:52:49.988950+00:00,2024-11-04 11:13:34.899413+00:00,1,1042,21508,1,True
892,,2023-07-05 22:06:19.363270+00:00,2024-10-11 12:12:45.333813+00:00,1,152,21512,1,True
1075,,2024-10-11 13:36:30.762317+00:00,2024-10-11 18:19:22.488836+00:00,1,733,21516,1,True
277,,2020-10-15 11:59:37.293816+00:00,2024-10-11 16:25:22.085018+00:00,1,285,21518,1,True
1076,,2024-10-11 17:08:54.242517+00:00,2024-10-11 18:19:04.181601+00:00,1,1046,21521,1,True
1074,,2024-10-11 11:17:25.057680+00:00,2024-10-14 14:22:38.174077+00:00,1,1049,21523,1,True
579,,2021-07-26 14:03:23.311408+00:00,2024-10-12 10:48:15.569655+00:00,3,597,21528,1,False
889,,2023-06-28 20:58:38.668549+00:00,2024-10-16 12:12:41.795336+00:00,7,881,21585,4,True
1080,,2024-10-14 17:46:28.991705+00:00,2024-10-16 17:36:40.334708+00:00,1,1053,21590,1,True
894,,2023-07-14 00:08:11.186881+00:00,2024-11-13 12:50:46.854418+00:00,3,884,21597,1,True
936,,2023-12-22 00:35:26.641874+00:00,2024-10-16 15:51:41.352376+00:00,3,926,21600,1,True
374,,2020-12-23 12:18:01.690006+00:00,2024-10-16 15:52:47.432078+00:00,5,394,21602,1,True
436,,2021-02-08 18:39:39.085237+00:00,2024-10-21 16:55:10.100368+00:00,1,452,21603,1,True
1081,,2024-10-14 18:28:06.639793+00:00,2024-10-16 19:08:15.062767+00:00,1,1053,21606,1,True
839,,2023-02-13 22:38:34.009359+00:00,2024-10-16 17:57:50.904660+00:00,3,834,21607,1,True
1082,,2024-10-16 18:07:16.951432+00:00,2024-10-25 11:11:33.448115+00:00,1,1054,21611,1,True
448,,2021-02-19 12:30:39.592768+00:00,2024-10-16 20:59:40.852646+00:00,1,108,21612,1,True
337,,2020-12-10 17:04:24.680240+00:00,2024-10-17 00:01:23.669293+00:00,5,329,21613,1,True
1030,,2024-09-20 17:45:38.714228+00:00,2024-10-17 10:28:43.842104+00:00,1,1008,21615,1,True
1002,,2024-08-29 13:34:50.123970+00:00,2024-10-17 12:12:36.780563+00:00,1,987,21621,4,True
906,,2023-08-17 11:46:03.375182+00:00,2024-10-17 12:40:35.990193+00:00,1,896,21623,1,True
681,,2021-12-14 18:23:44.514701+00:00,2024-10-17 15:23:20.064870+00:00,4,689,21624,1,True
973,,2024-05-03 16:27:32.523793+00:00,2024-10-17 18:10:27.657295+00:00,1,962,21628,1,True
750,,2022-06-21 18:31:08.191248+00:00,2024-10-17 21:12:59.096346+00:00,4,752,21629,1,True
569,,2021-07-02 13:03:44.502989+00:00,2024-11-13 00:36:44.240377+00:00,1,587,21632,1,False
1046,,2024-10-01 15:56:21.914315+00:00,2024-10-17 23:27:50.900609+00:00,1,1025,21634,1,True
1019,,2024-09-12 16:56:43.898786+00:00,2024-10-18 12:12:36.019163+00:00,1,998,21637,4,True
818,,2022-12-26 12:04:20.466503+00:00,2024-10-18 18:06:18.417605+00:00,1,814,21648,1,True
1084,,2024-10-18 16:56:15.246772+00:00,2024-11-12 12:11:48.569599+00:00,1,929,21650,1,True
694,,2021-12-27 23:23:39.265307+00:00,2024-10-18 22:00:07.207273+00:00,3,700,21651,1,True
439,,2021-02-09 14:46:58.788484+00:00,2024-10-19 11:21:16.683550+00:00,1,456,21653,1,True
1079,,2024-10-14 16:51:36.234547+00:00,2024-10-21 12:51:13.363402+00:00,1,1052,21655,1,True
1085,,2024-10-19 13:43:03.231082+00:00,2024-10-21 16:00:33.874265+00:00,1,1056,21658,1,True
988,,2024-07-11 23:23:58.957737+00:00,2024-10-19 14:41:38.541091+00:00,3,975,21660,3,True
911,,2023-09-11 18:37:09.803481+00:00,2024-10-19 14:42:57.399610+00:00,3,901,21662,3,True
883,,2023-06-10 22:55:32.364477+00:00,2024-10-20 20:07:31.550411+00:00,3,875,21666,1,True
984,,2024-06-18 23:16:21.106604+00:00,2024-10-21 11:01:36.950383+00:00,8,972,21667,1,True
978,,2024-05-19 21:43:38.802535+00:00,2024-10-21 15:58:37.663438+00:00,1,966,21677,1,True
869,,2023-05-04 19:50:32.231275+00:00,2024-11-13 00:39:18.728077+00:00,1,864,21680,1,True
1088,,2024-10-21 12:46:40.172371+00:00,2024-10-22 10:01:46.642856+00:00,1,1059,21682,1,True
1006,,2024-09-03 22:26:13.162318+00:00,2024-10-21 21:04:34.398702+00:00,1,990,21683,1,True
840,,2023-02-15 20:29:50.552396+00:00,2024-10-22 11:02:16.253305+00:00,3,835,21684,1,True
1089,,2024-10-21 18:53:47.090335+00:00,2024-10-22 13:19:31.016448+00:00,1,1060,21686,1,True
1087,,2024-10-21 12:29:48.730939+00:00,2024-10-22 16:31:54.200420+00:00,1,1058,21688,1,True
1093,,2024-10-22 19:35:17.616268+00:00,2024-10-22 22:07:44.237115+00:00,1,1064,21700,1,True
1090,,2024-10-22 17:00:08.082922+00:00,2024-11-01 13:53:37.037184+00:00,1,1061,21704,1,True
1094,,2024-10-22 19:44:50.729484+00:00,2024-10-23 17:58:00.839609+00:00,1,1065,21706,1,True
1096,,2024-10-22 21:12:51.117925+00:00,2024-10-23 17:57:40.158491+00:00,1,898,21709,1,True
1092,,2024-10-22 18:07:33.992657+00:00,2024-10-23 19:21:26.785780+00:00,1,1063,21712,1,True
1097,,2024-10-23 18:01:37.755388+00:00,2024-11-11 13:59:17.849974+00:00,1,1002,21715,1,True
1098,,2024-10-23 18:30:13.846827+00:00,2024-10-24 11:36:41.960873+00:00,1,1066,21718,1,True
252,,2020-09-19 12:21:29.617608+00:00,2024-10-23 21:27:26.224898+00:00,8,259,21720,1,True
958,,2024-03-22 20:05:35.235106+00:00,2024-10-24 12:23:15.716114+00:00,1,774,21722,3,True
1099,,2024-10-23 20:11:44.975200+00:00,2024-11-25 18:46:40.999688+00:00,1,1067,21726,1,True
1100,,2024-10-24 15:51:59.393058+00:00,2024-11-11 13:49:34.043046+00:00,1,1069,21728,1,True
1059,,2024-10-07 13:38:20.399328+00:00,2024-10-24 21:31:47.949221+00:00,1,1037,21730,1,True
1102,,2024-10-25 11:48:34.740207+00:00,2024-10-25 11:48:34.991309+00:00,5,1070,21732,2,True
1101,,2024-10-25 11:14:38.309618+00:00,2024-10-25 20:08:53.748110+00:00,1,1054,21734,1,True
1103,,2024-10-25 17:08:10.088824+00:00,2024-10-25 20:09:15.210456+00:00,1,1071,21738,1,True
1034,,2024-09-23 13:40:05.780237+00:00,2024-10-25 18:27:31.380379+00:00,1,957,21739,3,True
1104,,2024-10-25 17:54:46.052771+00:00,2024-10-26 12:51:45.134383+00:00,1,1072,21741,1,True
1064,,2024-10-08 16:29:21.390466+00:00,2024-10-26 11:43:31.392938+00:00,1,1039,21743,1,True
1105,,2024-10-26 12:43:27.060226+00:00,2024-10-28 14:21:58.916805+00:00,1,1073,21746,1,True
104,,2020-04-27 20:54:35.649179+00:00,2024-10-28 12:12:35.411202+00:00,1,120,21757,4,True
464,,2021-03-04 17:49:18.864844+00:00,2024-11-13 13:31:28.460021+00:00,8,428,21766,1,True
974,,2024-05-11 00:07:52.885485+00:00,2024-10-28 18:43:22.783561+00:00,1,963,21768,1,True
913,,2023-09-12 12:46:16.388530+00:00,2024-10-28 21:27:04.090743+00:00,1,903,21771,1,True
884,,2023-06-10 23:15:56.424506+00:00,2024-10-29 11:12:48.058308+00:00,3,876,21772,1,True
868,,2023-05-02 17:43:23.101494+00:00,2024-10-29 12:22:53.914481+00:00,1,863,21774,1,True
1107,,2024-10-28 12:47:27.517573+00:00,2024-10-29 13:39:52.711286+00:00,1,1075,21776,1,True
800,,2022-10-26 22:35:58.778675+00:00,2024-10-29 12:55:45.925593+00:00,3,797,21778,3,True
1106,,2024-10-28 11:13:47.939115+00:00,2024-10-29 20:31:59.485566+00:00,1,1074,21782,1,True
1108,,2024-10-29 13:50:35.901961+00:00,2024-10-29 19:39:29.656108+00:00,1,1077,21784,1,True
290,,2020-11-12 11:42:31.379933+00:00,2024-10-30 15:54:31.821391+00:00,1,299,21791,1,True
1011,,2024-09-06 15:47:47.888821+00:00,2024-10-30 16:56:20.574815+00:00,1,997,21793,1,True
1110,,2024-10-30 15:50:26.526603+00:00,2024-11-01 13:34:02.769361+00:00,1,1079,21796,1,True
983,,2024-06-17 16:40:38.981053+00:00,2024-10-30 20:40:31.584346+00:00,9,971,21799,1,True
1091,,2024-10-22 17:39:36.300865+00:00,2024-11-21 15:23:23.990951+00:00,1,1062,21801,1,True
437,,2021-02-08 21:16:59.012379+00:00,2024-10-31 11:59:57.741744+00:00,8,454,21803,1,True
1130,,2024-11-06 12:52:56.236536+00:00,2024-11-06 17:01:33.259403+00:00,1,1099,21893,1,True
1131,,2024-11-06 18:40:28.700198+00:00,2024-11-09 22:00:53.113730+00:00,1,1100,21896,1,True
773,,2022-08-24 18:15:25.241779+00:00,2024-10-31 12:32:59.916128+00:00,1,774,21810,1,True
701,,2022-01-08 21:53:05.294279+00:00,2024-10-31 13:24:09.027844+00:00,3,708,21812,3,True
1114,,2024-10-31 14:00:46.859204+00:00,2024-10-31 14:00:47.078262+00:00,5,1083,21814,2,True
931,,2023-11-19 21:15:56.614692+00:00,2024-10-31 15:28:59.316401+00:00,4,921,21816,1,True
1042,,2024-09-28 14:40:58.862906+00:00,2024-10-31 15:39:52.986913+00:00,1,1018,21817,1,True
1113,,2024-10-31 13:26:44.682907+00:00,2024-10-31 18:12:16.886096+00:00,1,1082,21819,1,True
1111,,2024-10-30 18:11:51.537595+00:00,2024-10-31 20:31:08.457293+00:00,1,1080,21823,1,True
1116,,2024-10-31 18:48:57.590172+00:00,2024-11-01 17:59:13.939775+00:00,1,1085,21825,1,True
1112,,2024-10-30 19:27:43.248677+00:00,2024-11-05 13:44:00.263050+00:00,1,1076,21835,1,True
1118,,2024-11-01 12:04:05.505925+00:00,2024-11-03 14:19:23.087698+00:00,1,1081,21837,1,True
949,,2024-02-04 16:00:16.657654+00:00,2024-11-01 14:44:17.883383+00:00,3,939,21838,3,True
1117,,2024-10-31 19:09:00.220116+00:00,2024-11-01 21:34:06.620481+00:00,1,1086,21841,1,True
1119,,2024-11-01 13:15:10.717323+00:00,2024-11-01 19:21:50.688599+00:00,1,1087,21844,1,True
201,,2020-07-27 14:57:08.186374+00:00,2024-11-01 19:11:19.883347+00:00,1,214,21845,1,True
1121,,2024-11-01 18:16:39.884132+00:00,2024-11-04 12:07:50.526513+00:00,1,1088,21848,1,True
1122,,2024-11-01 20:02:35.515883+00:00,2024-11-04 14:15:26.658989+00:00,1,1091,21859,1,True
1124,,2024-11-04 14:15:00.088244+00:00,2024-11-04 14:42:29.772688+00:00,1,1093,21860,2,True
1109,,2024-10-29 14:12:47.784253+00:00,2024-11-25 18:15:10.013630+00:00,1,1130,21863,1,True
1125,,2024-11-04 14:26:28.361547+00:00,2024-11-04 19:14:03.647724+00:00,1,1094,21866,1,True
1123,,2024-11-04 12:05:43.327918+00:00,2024-11-04 19:14:32.281834+00:00,1,1092,21869,1,True
1126,,2024-11-04 18:25:54.629619+00:00,2024-11-04 20:22:23.807224+00:00,1,1095,21871,1,True
1127,,2024-11-04 20:47:42.090992+00:00,2024-11-04 22:20:28.365081+00:00,1,1096,21874,1,True
1128,,2024-11-05 11:18:24.776859+00:00,2024-11-05 11:18:25.106531+00:00,1,1097,21875,2,True
1129,,2024-11-05 11:42:14.563838+00:00,2024-11-05 21:22:53.174835+00:00,1,1098,21881,1,True
1120,,2024-11-01 16:15:06.348910+00:00,2024-11-06 11:09:55.104246+00:00,1,1089,21883,1,True
158,,2020-06-08 17:57:49.493988+00:00,2024-11-05 23:10:24.816129+00:00,1,74,21884,1,True
496,,2021-04-06 11:32:17.418073+00:00,2024-11-06 11:59:31.390524+00:00,1,513,21890,1,True
857,,2023-04-04 18:02:16.191197+00:00,2024-11-07 12:01:23.507238+00:00,3,852,21899,1,True
1133,,2024-11-07 11:43:38.404637+00:00,2024-11-07 14:40:08.280349+00:00,1,1102,21903,1,True
1135,,2024-11-07 12:58:49.510563+00:00,2024-11-07 18:51:00.832763+00:00,1,1103,21905,1,True
1134,,2024-11-07 12:56:04.445768+00:00,2024-11-07 18:12:12.829914+00:00,1,1104,21907,1,True
1132,,2024-11-07 11:34:58.989363+00:00,2024-11-09 22:01:23.670692+00:00,1,1101,21909,1,True
1031,,2024-09-21 11:15:40.970025+00:00,2024-11-08 11:44:15.954895+00:00,1,1003,21912,1,True
1136,,2024-11-08 11:16:21.515648+00:00,2024-11-08 13:47:46.895929+00:00,1,1105,21915,1,True
1137,,2024-11-08 11:54:36.048611+00:00,2024-11-08 14:21:38.178114+00:00,1,1106,21917,1,True
1138,,2024-11-08 16:03:33.454404+00:00,2024-11-09 22:00:26.009400+00:00,1,1107,21922,1,True
763,,2022-07-11 14:14:08.577436+00:00,2024-11-08 19:00:46.848808+00:00,1,765,21924,1,True
469,,2021-03-12 13:29:32.801862+00:00,2024-11-08 23:43:02.726593+00:00,6,487,21925,3,True
1022,,2024-09-13 18:24:48.050258+00:00,2024-11-09 21:57:04.661254+00:00,1,1004,21928,1,True
1067,,2024-10-09 11:50:47.286984+00:00,2024-11-11 12:12:37.394183+00:00,1,1043,21933,4,True
1007,,2024-09-04 12:29:21.528142+00:00,2024-11-11 15:42:22.544784+00:00,1,991,21934,1,True
9,,2020-02-20 14:42:15.151803+00:00,2024-11-11 15:43:46.483308+00:00,1,54,21935,1,True
1008,,2024-09-04 18:31:11.752128+00:00,2024-11-11 16:00:28.948502+00:00,1,992,21937,1,True
583,,2021-07-27 19:33:03.077144+00:00,2024-11-11 17:14:44.457085+00:00,1,600,21939,1,False
920,,2023-10-02 12:11:41.420184+00:00,2024-11-11 17:20:25.421859+00:00,1,910,21943,1,True
1139,,2024-11-11 11:39:09.831443+00:00,2024-11-26 12:43:47.142715+00:00,1,1108,21947,1,True
26,,2020-03-17 12:22:54.662845+00:00,2024-11-12 11:06:42.594881+00:00,1,90,21948,1,True
998,,2024-08-05 16:15:36.231743+00:00,2024-11-12 12:21:02.583752+00:00,1,985,21950,3,True
1141,,2024-11-11 18:00:16.250562+00:00,2024-11-13 19:02:21.483039+00:00,1,1110,21952,1,True
571,,2021-07-05 13:46:59.606678+00:00,2024-11-12 18:31:17.635825+00:00,6,589,21953,1,False
413,,2021-01-11 14:47:57.047441+00:00,2024-11-12 18:47:42.852174+00:00,5,428,21954,3,True
764,,2022-07-11 18:59:40.436365+00:00,2024-11-13 11:20:34.885186+00:00,1,766,21961,1,True
867,,2023-04-16 20:17:17.521614+00:00,2024-11-13 13:07:13.097287+00:00,3,862,21963,1,True
1143,,2024-11-12 19:23:18.907967+00:00,2024-11-13 19:09:35.106365+00:00,1,1112,21967,1,True
1142,,2024-11-12 11:14:42.365581+00:00,2024-11-13 22:31:14.604766+00:00,1,1111,21969,1,True
1145,,2024-11-13 16:34:19.143977+00:00,2024-11-13 22:32:12.255608+00:00,1,1114,21971,1,True
1144,,2024-11-13 12:59:42.213537+00:00,2024-11-13 21:41:07.021112+00:00,1,1113,21973,1,True
1086,,2024-10-21 12:24:04.231188+00:00,2024-11-14 14:00:48.801706+00:00,1,1057,21979,1,True
1140,,2024-11-11 17:25:10.176751+00:00,2024-11-14 18:25:06.129334+00:00,1,1109,21981,1,True
1148,,2024-11-14 11:55:14.352424+00:00,2024-11-14 20:52:43.890843+00:00,1,1116,21983,1,True
1147,,2024-11-14 11:50:07.981326+00:00,2024-11-14 20:45:05.224540+00:00,1,1117,21985,1,True
1146,,2024-11-13 16:37:04.061922+00:00,2024-11-14 21:03:35.001344+00:00,1,1115,21987,1,True
263,,2020-10-03 19:47:50.013100+00:00,2024-11-15 14:10:05.992866+00:00,5,272,21988,1,True
722,,2022-03-07 21:35:43.597928+00:00,2024-11-16 13:37:38.605974+00:00,1,728,21991,1,True
1149,,2024-11-16 11:41:26.002201+00:00,2024-11-19 11:32:09.467182+00:00,1,1118,21993,1,True
651,,2021-11-18 18:24:09.638570+00:00,2024-11-18 12:12:37.892663+00:00,6,662,22002,4,False
654,,2021-12-06 18:24:44.717600+00:00,2024-11-18 12:12:39.882878+00:00,3,666,22023,4,True
482,,2021-03-24 20:32:40.406486+00:00,2024-11-18 12:12:42.930934+00:00,7,501,22056,4,True
680,,2021-12-13 20:16:59.923212+00:00,2024-11-18 12:12:43.620299+00:00,3,687,22063,4,True
499,,2021-04-06 18:15:24.410444+00:00,2024-11-18 12:13:30.616882+00:00,1,516,22082,1,True
1150,,2024-11-16 12:00:11.098629+00:00,2024-11-18 20:34:34.621459+00:00,1,1119,22084,1,True
272,,2020-10-12 19:34:38.284690+00:00,2024-11-18 13:49:15.697609+00:00,5,282,22086,1,True
173,,2020-06-30 12:11:40.625232+00:00,2024-11-18 13:49:15.822773+00:00,5,188,22087,1,True
383,,2020-12-23 14:50:47.233615+00:00,2024-11-18 13:49:15.893346+00:00,5,402,22088,1,True
934,,2023-12-09 19:43:53.472522+00:00,2024-11-18 13:49:15.970779+00:00,5,924,22089,1,True
221,,2020-08-14 19:16:21.439829+00:00,2024-11-18 13:49:16.076954+00:00,5,235,22090,1,True
238,,2020-09-06 13:00:27.074317+00:00,2024-11-18 13:49:16.290959+00:00,5,249,22092,1,True
334,,2020-12-10 13:25:27.849157+00:00,2024-11-18 13:49:16.492637+00:00,5,356,22094,1,True
339,,2020-12-10 17:10:10.228074+00:00,2024-11-18 13:49:16.579753+00:00,5,359,22095,1,True
335,,2020-12-10 13:27:38.400766+00:00,2024-11-18 13:49:16.775415+00:00,5,357,22097,1,True
365,,2020-12-22 13:41:29.835306+00:00,2024-11-18 13:49:16.976985+00:00,5,386,22099,1,True
222,,2020-08-14 22:24:09.130707+00:00,2024-11-18 13:49:17.081658+00:00,5,236,22100,1,True
327,,2020-12-10 12:30:54.861107+00:00,2024-11-18 13:49:17.163465+00:00,5,341,22101,1,True
336,,2020-12-10 13:37:34.469055+00:00,2024-11-18 13:49:17.258372+00:00,5,334,22102,1,True
348,,2020-12-18 20:15:32.308304+00:00,2024-11-18 13:49:17.350545+00:00,5,360,22103,1,True
338,,2020-12-10 17:07:18.783660+00:00,2024-11-18 13:49:17.448938+00:00,5,352,22104,1,True
350,,2020-12-21 19:09:14.950478+00:00,2024-11-18 13:49:17.528883+00:00,5,373,22105,1,True
363,,2020-12-22 12:17:32.684545+00:00,2024-11-18 13:49:17.622669+00:00,5,385,22106,1,True
329,,2020-12-10 12:53:54.794250+00:00,2024-11-18 13:49:17.704101+00:00,5,346,22107,1,True
331,,2020-12-10 12:59:33.646153+00:00,2024-11-18 13:49:17.787055+00:00,5,330,22108,1,True
385,,2020-12-23 16:34:30.328290+00:00,2024-11-18 13:49:17.960264+00:00,5,404,22110,1,True
381,,2020-12-23 14:10:38.284862+00:00,2024-11-18 13:49:18.052735+00:00,5,400,22111,1,True
429,,2021-02-05 19:07:40.252102+00:00,2024-11-18 13:49:18.135902+00:00,5,445,22112,1,True
395,,2020-12-29 14:53:56.823354+00:00,2024-11-18 13:49:18.214651+00:00,5,413,22113,1,True
747,,2022-06-13 18:47:28.475250+00:00,2024-11-18 13:49:18.279241+00:00,5,437,22114,1,True
446,,2021-02-18 19:29:19.811441+00:00,2024-11-18 13:49:18.353683+00:00,5,465,22115,1,True
378,,2020-12-23 13:18:20.291345+00:00,2024-11-18 13:49:18.431506+00:00,5,397,22116,1,True
368,,2020-12-22 14:57:00.075331+00:00,2024-11-18 13:49:18.600325+00:00,5,388,22118,1,True
372,,2020-12-23 11:50:49.010104+00:00,2024-11-18 13:49:18.775301+00:00,5,392,22120,1,True
257,,2020-09-26 22:13:38.331160+00:00,2024-11-18 13:49:19.088508+00:00,5,266,22123,1,True
493,,2021-04-03 00:59:34.848331+00:00,2024-11-18 13:49:19.169150+00:00,5,510,22124,1,True
473,,2021-03-15 20:05:25.654240+00:00,2024-11-18 13:49:19.249288+00:00,5,493,22125,1,True
861,,2023-04-10 17:19:26.387698+00:00,2024-11-18 13:49:19.349084+00:00,5,856,22126,1,True
743,,2022-05-26 14:18:32.164862+00:00,2024-11-18 13:49:19.427588+00:00,5,746,22127,1,True
888,,2023-06-24 15:39:16.075941+00:00,2024-11-18 13:49:19.587852+00:00,5,880,22129,1,True
768,,2022-07-21 18:46:13.325021+00:00,2024-11-18 13:49:19.672097+00:00,5,770,22130,1,True
399,,2020-12-29 19:20:51.726696+00:00,2024-11-18 13:49:19.771319+00:00,5,416,22131,1,True
325,,2020-12-10 12:19:19.452615+00:00,2024-11-18 13:49:19.861488+00:00,5,335,22132,1,True
575,,2021-07-12 13:32:13.442002+00:00,2024-11-18 13:49:19.942225+00:00,5,594,22133,1,False
863,,2023-04-13 00:07:19.461393+00:00,2024-11-18 13:49:20.032836+00:00,5,858,22134,1,True
332,,2020-12-10 13:01:46.737354+00:00,2024-11-18 13:49:20.120039+00:00,5,351,22135,1,True
330,,2020-12-10 12:56:58.103676+00:00,2024-11-18 13:49:20.205204+00:00,5,347,22136,1,True
588,,2021-08-04 20:20:54.033540+00:00,2024-11-18 13:49:20.289879+00:00,5,604,22137,1,False
349,,2020-12-21 18:47:52.296369+00:00,2024-11-18 13:49:20.386139+00:00,5,344,22138,1,True
935,,2023-12-12 16:41:57.425627+00:00,2024-11-18 13:49:20.482315+00:00,5,925,22139,1,True
407,,2021-01-04 14:15:02.380522+00:00,2024-11-18 13:49:20.563504+00:00,5,422,22140,1,True
625,,2021-09-29 20:11:40.500431+00:00,2024-11-18 13:49:20.629044+00:00,5,636,22141,1,False
775,,2022-09-03 13:43:45.693255+00:00,2024-11-18 13:49:20.692201+00:00,5,775,22142,1,True
793,,2022-10-10 16:18:42.745574+00:00,2024-11-18 13:49:20.796760+00:00,5,790,22143,1,True
870,,2023-05-05 20:18:20.142507+00:00,2024-11-18 13:49:20.886483+00:00,5,865,22144,1,True
447,,2021-02-18 19:43:45.608903+00:00,2024-11-18 13:49:20.979108+00:00,5,466,22145,1,True
907,,2023-08-21 12:59:52.400447+00:00,2024-11-18 13:49:21.087301+00:00,5,897,22146,1,True
930,,2023-11-12 20:30:30.743186+00:00,2024-11-18 13:49:21.161913+00:00,5,920,22147,1,True
809,,2022-11-19 18:36:29.095728+00:00,2024-11-18 13:49:21.265252+00:00,5,806,22148,1,True
819,,2022-12-29 20:27:21.087726+00:00,2024-11-18 13:49:21.369896+00:00,5,815,22149,1,True
814,,2022-12-08 16:01:24.899908+00:00,2024-11-18 13:49:21.472984+00:00,5,810,22150,1,True
961,,2024-04-07 19:06:11.942513+00:00,2024-11-18 13:49:21.566442+00:00,5,950,22151,1,True
779,,2022-09-12 12:34:19.809967+00:00,2024-11-18 13:53:04.086478+00:00,1,778,22152,1,True
616,,2021-09-08 14:18:30.829041+00:00,2024-11-18 14:04:46.066553+00:00,4,628,22160,1,False
273,,2020-10-13 17:22:03.536807+00:00,2024-11-18 15:38:49.454703+00:00,1,277,22162,1,True
964,,2024-04-14 23:40:52.400984+00:00,2024-11-18 15:46:13.038982+00:00,3,954,22163,1,True
1151,,2024-11-18 16:52:50.058207+00:00,2024-11-18 20:35:08.840751+00:00,1,1120,22167,1,True
667,,2021-12-10 12:54:33.480173+00:00,2024-11-18 20:16:27.100718+00:00,3,680,22168,1,True
898,,2023-07-21 19:14:11.202054+00:00,2024-11-18 20:24:09.967218+00:00,3,888,22169,1,True
933,,2023-12-08 21:29:20.629088+00:00,2024-11-18 20:25:11.938558+00:00,3,923,22170,1,True
218,,2020-08-12 13:42:35.107601+00:00,2024-11-19 12:12:35.619372+00:00,4,232,22173,4,True
545,,2021-06-02 21:21:17.135432+00:00,2024-11-19 12:12:35.821594+00:00,4,554,22175,4,False
685,,2021-12-16 18:32:25.908035+00:00,2024-11-19 12:12:36.007485+00:00,4,584,22177,4,True
387,,2020-12-23 19:21:20.472374+00:00,2024-11-19 12:12:36.244044+00:00,5,406,22179,4,True
511,,2021-04-17 14:50:08.496007+00:00,2024-11-19 12:12:36.564083+00:00,5,528,22182,4,True
356,,2020-12-21 21:08:19.578682+00:00,2024-11-19 12:12:37.233201+00:00,5,379,22188,4,True
514,,2021-04-18 17:39:17.204115+00:00,2024-11-19 12:12:37.317877+00:00,5,531,22189,4,True
1160,,2024-11-25 14:26:30.560140+00:00,2024-11-25 21:05:03.553468+00:00,1,1129,22262,1,True
946,,2024-01-28 22:44:52.434397+00:00,2024-11-25 23:02:47.881661+00:00,5,408,22264,1,True
739,,2022-05-07 16:56:57.391168+00:00,2024-11-19 12:12:37.414251+00:00,5,744,22190,4,True
731,,2022-04-27 13:07:57.298075+00:00,2024-11-19 18:57:48.491212+00:00,1,738,22191,1,True
905,,2023-08-15 17:59:30.589338+00:00,2024-11-19 14:23:19.716863+00:00,3,895,22195,1,True
333,,2020-12-10 13:19:49.165105+00:00,2024-11-19 14:30:35.911360+00:00,5,331,22196,1,True
186,,2020-07-12 19:36:54.758613+00:00,2024-11-19 15:30:20.817445+00:00,4,200,22197,1,True
737,,2022-05-03 18:17:38.434791+00:00,2024-11-19 15:57:40.997873+00:00,3,742,22198,1,True
1152,,2024-11-19 13:54:50.072845+00:00,2024-11-19 20:04:47.000364+00:00,1,1121,22200,1,True
210,,2020-08-09 20:08:43.664380+00:00,2024-11-19 19:14:09.412481+00:00,4,224,22201,1,True
1154,,2024-11-19 19:42:34.375728+00:00,2024-11-23 11:17:40.294687+00:00,1,1123,22206,1,True
690,,2021-12-16 19:01:16.869389+00:00,2024-11-19 23:26:20.099588+00:00,4,696,22208,1,True
662,,2021-12-06 19:45:27.145272+00:00,2024-11-19 23:30:07.369609+00:00,4,675,22209,1,True
917,,2023-09-26 21:43:26.092312+00:00,2024-11-20 12:12:42.385639+00:00,3,907,22210,1,True
1035,,2024-09-25 12:14:49.718683+00:00,2024-11-20 19:32:19.943477+00:00,1,1012,22211,1,True
427,,2021-02-02 15:16:39.742600+00:00,2024-11-20 23:14:18.570879+00:00,5,355,22212,1,True
522,,2021-04-29 18:34:43.084896+00:00,2024-11-21 11:09:55.345487+00:00,8,521,22214,1,True
1153,,2024-11-19 19:20:46.526754+00:00,2024-11-21 19:33:48.667035+00:00,1,1122,22225,1,True
921,,2023-10-06 18:51:45.264127+00:00,2024-11-21 17:00:07.293525+00:00,1,911,22226,1,True
938,,2023-12-31 22:24:58.085225+00:00,2024-11-21 17:34:25.543996+00:00,5,928,22227,1,True
1155,,2024-11-21 13:59:45.075110+00:00,2024-11-21 19:26:55.186604+00:00,1,1124,22229,1,True
1028,,2024-09-18 11:21:07.981403+00:00,2024-11-22 12:36:20.731894+00:00,1,1006,22233,1,True
30,,2020-03-18 20:21:26.759377+00:00,2024-11-22 20:10:09.112729+00:00,1,368,22239,1,True
836,,2023-02-12 21:56:41.598923+00:00,2024-11-23 09:20:12.408878+00:00,5,832,22240,1,True
830,,2023-01-23 15:29:45.302039+00:00,2024-11-23 14:19:05.906062+00:00,9,826,22242,1,True
1157,,2024-11-23 13:29:42.041760+00:00,2024-11-23 14:40:04.706411+00:00,1,1126,22245,1,True
1158,,2024-11-23 14:25:11.258373+00:00,2024-11-23 15:56:22.075256+00:00,1,1127,22247,1,True
987,,2024-06-25 20:36:33.695996+00:00,2024-11-23 16:01:46.365374+00:00,1,974,22248,1,True
997,,2024-08-01 21:16:11.650888+00:00,2024-11-25 10:10:07.946671+00:00,4,984,22249,1,True
214,,2020-08-10 14:49:32.312570+00:00,2024-11-25 10:53:55.557441+00:00,5,227,22250,1,True
1115,,2024-10-31 15:16:41.627756+00:00,2024-11-25 11:02:57.834035+00:00,5,1084,22252,1,True
567,,2021-06-24 20:24:06.922923+00:00,2024-11-25 12:12:36.458056+00:00,8,573,22254,4,False
1159,,2024-11-25 12:11:16.566325+00:00,2024-11-25 14:46:17.720721+00:00,1,1128,22258,1,True
1156,,2024-11-22 14:27:48.881689+00:00,2024-11-25 22:15:55.220761+00:00,1,1125,22260,1,True
1048,,2024-10-01 20:08:24.681746+00:00,2024-11-26 12:12:36.426759+00:00,1,1021,22266,4,True
1036,,2024-09-25 17:00:11.155956+00:00,2024-11-26 12:12:36.556201+00:00,1,1013,22267,4,True
897,,2023-07-18 19:27:22.163395+00:00,2024-11-26 12:12:36.686948+00:00,3,887,22268,4,True
1033,,2024-09-23 12:52:48.087597+00:00,2024-11-26 12:12:36.815795+00:00,1,1009,22269,4,True
1043,,2024-09-30 13:12:29.819964+00:00,2024-11-26 12:12:36.929083+00:00,1,1019,22270,4,True
409,,2021-01-07 11:43:38.564084+00:00,2024-11-26 12:12:37.063150+00:00,5,424,22271,4,True
234,,2020-09-03 19:51:43.275609+00:00,2024-11-26 12:12:37.205934+00:00,1,245,22272,4,True
1072,,2024-10-10 19:57:40.349155+00:00,2024-11-26 12:12:37.325778+00:00,1,1048,22273,4,True
751,,2022-06-25 13:46:00.377103+00:00,2024-11-26 12:12:37.441784+00:00,1,753,22274,4,True
851,,2023-03-23 11:46:09.061827+00:00,2024-11-26 12:12:37.556044+00:00,3,846,22275,4,True
472,,2021-03-15 15:42:46.885834+00:00,2024-11-26 12:12:37.654937+00:00,5,492,22276,4,True
534,,2021-05-19 19:28:01.647586+00:00,2024-11-26 12:12:38.004359+00:00,1,423,22279,4,True
715,,2022-02-04 15:15:49.706408+00:00,2024-11-26 12:12:38.112109+00:00,7,721,22280,4,True
937,,2023-12-28 19:00:00.766175+00:00,2024-11-26 12:12:38.304235+00:00,1,927,22282,4,True
1057,,2024-10-04 20:42:33.194983+00:00,2024-11-26 12:12:38.406596+00:00,1,1033,22283,4,True
860,,2023-04-06 15:15:11.659363+00:00,2024-11-26 12:12:38.522103+00:00,3,855,22284,4,True
804,,2022-11-03 20:23:31.258853+00:00,2024-11-26 12:12:38.616154+00:00,1,778,22285,4,True
106,,2020-04-28 15:09:49.424300+00:00,2024-11-26 12:12:47.603598+00:00,1,119,22286,1,True
295,,2020-11-13 19:07:16.310012+00:00,2024-11-26 13:18:26.535815+00:00,1,303,22287,1,True
294,,2020-11-13 19:00:25.507367+00:00,2024-11-26 13:18:26.884715+00:00,1,303,22288,1,True
875,,2023-05-16 17:07:57.879598+00:00,2024-11-26 16:09:24.788865+00:00,1,447,22290,1,True
1162,,2024-11-26 17:14:23.245503+00:00,2024-11-26 17:14:23.444784+00:00,1,1132,22291,2,True
1163,,2024-11-26 17:22:00.128004+00:00,2024-11-26 17:22:00.261577+00:00,1,1133,22292,2,True
1161,,2024-11-26 13:34:20.913015+00:00,2024-11-26 17:29:07.326278+00:00,1,1131,22294,1,True
